-- phpMyAdmin SQL Dump
-- version 4.9.5
-- https://www.phpmyadmin.net/
--
-- Host: localhost:3306
-- Generation Time: Nov 09, 2020 at 07:25 AM
-- Server version: 5.7.32
-- PHP Version: 7.3.6

SET SQL_MODE = "NO_AUTO_VALUE_ON_ZERO";
SET AUTOCOMMIT = 0;
START TRANSACTION;
SET time_zone = "+00:00";


/*!40101 SET @OLD_CHARACTER_SET_CLIENT=@@CHARACTER_SET_CLIENT */;
/*!40101 SET @OLD_CHARACTER_SET_RESULTS=@@CHARACTER_SET_RESULTS */;
/*!40101 SET @OLD_COLLATION_CONNECTION=@@COLLATION_CONNECTION */;
/*!40101 SET NAMES utf8mb4 */;

--
-- Database: `fitkids_fitkids`
--

-- --------------------------------------------------------

--
-- Table structure for table `admins`
--

CREATE TABLE `admins` (
  `id` int(10) UNSIGNED NOT NULL,
  `name` varchar(191) COLLATE utf8mb4_unicode_ci NOT NULL,
  `email` varchar(191) COLLATE utf8mb4_unicode_ci NOT NULL,
  `password` varchar(191) COLLATE utf8mb4_unicode_ci NOT NULL,
  `remember_token` varchar(100) COLLATE utf8mb4_unicode_ci NOT NULL DEFAULT '',
  `type` enum('superadmin','admin') COLLATE utf8mb4_unicode_ci NOT NULL DEFAULT 'admin',
  `created_at` timestamp NULL DEFAULT NULL,
  `updated_at` timestamp NULL DEFAULT NULL,
  `image` varchar(255) COLLATE utf8mb4_unicode_ci DEFAULT 'avatar-2.jpg'
) ENGINE=MyISAM DEFAULT CHARSET=utf8mb4 COLLATE=utf8mb4_unicode_ci;

--
-- Dumping data for table `admins`
--

INSERT INTO `admins` (`id`, `name`, `email`, `password`, `remember_token`, `type`, `created_at`, `updated_at`, `image`) VALUES
(1, 'Admin', 'admin@gmail.com', '$2y$10$ge8DEh6jOEXRuFlkPxG8ceiHyVwO38DDDeFflVw6Y1vdO5J6QvK9y', 'jPux0dKMUnsTJZxqt8JjEsnpl3xHdc6GbnoyAS0Oxwes9APH1m6fIrEpQLwV', 'admin', NULL, '2020-03-17 07:04:52', NULL);

-- --------------------------------------------------------

--
-- Table structure for table `attendence`
--

CREATE TABLE `attendence` (
  `id` int(11) NOT NULL,
  `student_id` int(55) NOT NULL DEFAULT '0',
  `batch_id` int(55) NOT NULL DEFAULT '0',
  `date_from` date NOT NULL,
  `date_to` date NOT NULL,
  `days` int(55) NOT NULL DEFAULT '0',
  `reason` text NOT NULL,
  `created_at` timestamp NOT NULL DEFAULT CURRENT_TIMESTAMP,
  `updated_at` timestamp NOT NULL DEFAULT CURRENT_TIMESTAMP ON UPDATE CURRENT_TIMESTAMP
) ENGINE=InnoDB DEFAULT CHARSET=latin1;

--
-- Dumping data for table `attendence`
--

INSERT INTO `attendence` (`id`, `student_id`, `batch_id`, `date_from`, `date_to`, `days`, `reason`, `created_at`, `updated_at`) VALUES
(3, 1, 1, '2020-03-14', '2020-03-16', 2, 'csd', '2020-03-21 13:18:59', '2020-03-21 13:18:59'),
(5, 1, 1, '2020-03-21', '2020-03-21', 1, 'dvdfvfdbf', '2020-03-21 13:31:28', '2020-03-21 13:31:28'),
(6, 1, 1, '2020-03-04', '2020-03-06', 2, 'efrdg', '2020-03-21 14:04:52', '2020-03-21 14:04:52'),
(7, 1, 1, '2020-03-10', '2020-03-11', 1, 'zxdvfdgdf', '2020-03-21 14:14:41', '2020-03-21 14:14:41'),
(8, 2, 1, '2020-03-18', '2020-03-21', -16, 'dfds', '2020-03-21 14:15:56', '2020-03-21 20:17:33'),
(9, 1, 40, '2020-10-13', '2020-10-13', 1, 'this test', '2020-10-13 18:02:03', '2020-10-13 18:02:03');

-- --------------------------------------------------------

--
-- Table structure for table `banners`
--

CREATE TABLE `banners` (
  `id` int(11) NOT NULL,
  `title` text,
  `image` varchar(255) DEFAULT NULL,
  `created_at` timestamp NULL DEFAULT NULL,
  `updated_at` timestamp NULL DEFAULT NULL
) ENGINE=MyISAM DEFAULT CHARSET=utf8;

--
-- Dumping data for table `banners`
--

INSERT INTO `banners` (`id`, `title`, `image`, `created_at`, `updated_at`) VALUES
(1, 'We transfer weakness to strength', 'imgpsh_fullsize_animss.jpg', '2020-03-06 01:02:11', '2020-08-29 04:56:51'),
(2, 'We increase self-confidence and self-esteem.', 'imgpsh_fullsize_anims.png', '2020-03-06 01:03:07', '2020-08-29 04:58:56'),
(3, 'We create social environment', 'imgpsh_fullsize_anim.png', '2020-03-06 01:03:33', '2020-08-29 04:56:18');

-- --------------------------------------------------------

--
-- Table structure for table `batch`
--

CREATE TABLE `batch` (
  `id` int(11) NOT NULL,
  `course_id` int(25) NOT NULL DEFAULT '0',
  `login_id` int(55) NOT NULL DEFAULT '0',
  `open_time` varchar(25) NOT NULL,
  `close_time` varchar(25) NOT NULL,
  `start_date` date NOT NULL,
  `end_date` date NOT NULL,
  `expiry_day` int(25) NOT NULL DEFAULT '0',
  `class_size` int(255) NOT NULL DEFAULT '0',
  `days` varchar(255) DEFAULT NULL,
  `status` enum('expire','not_expire') NOT NULL DEFAULT 'not_expire',
  `created_at` timestamp NOT NULL DEFAULT CURRENT_TIMESTAMP,
  `updated_at` timestamp NOT NULL DEFAULT CURRENT_TIMESTAMP ON UPDATE CURRENT_TIMESTAMP,
  `batch_status` int(2) NOT NULL
) ENGINE=MyISAM DEFAULT CHARSET=utf8mb4;

--
-- Dumping data for table `batch`
--

INSERT INTO `batch` (`id`, `course_id`, `login_id`, `open_time`, `close_time`, `start_date`, `end_date`, `expiry_day`, `class_size`, `days`, `status`, `created_at`, `updated_at`, `batch_status`) VALUES
(4, 4, 0, '15:21', '17:21', '2020-06-01', '2020-06-30', 29, 20, 'Monday,Tuesday,Wednesday', 'not_expire', '2020-05-02 02:44:33', '2020-09-08 19:48:51', 0),
(5, 8, 0, '16:30', '17:30', '2020-08-29', '2020-09-30', 32, 25, NULL, 'not_expire', '2020-08-29 05:27:39', '2020-08-29 05:27:39', 0),
(6, 1, 0, '13:48', '13:49', '2020-09-15', '2020-10-15', 30, 25, 'Saturday,Sunday', 'not_expire', '2020-09-08 08:19:38', '2020-09-08 09:49:26', 0),
(7, 1, 0, '13:00', '15:00', '2020-09-11', '2020-10-11', 30, 30, 'Monday,Tuesday,Wednesday,Thursday,Friday,Saturday,Sunday', 'not_expire', '2020-09-08 09:38:44', '2020-09-08 09:38:44', 0),
(8, 11, 0, '08:00', '09:00', '2020-09-09', '2020-10-08', 29, 25, 'Monday,Tuesday', 'not_expire', '2020-09-08 11:27:25', '2020-09-08 11:27:25', 0),
(9, 12, 0, '08:00', '10:00', '2020-09-14', '2020-10-16', 32, 25, 'Monday,Wednesday,Friday', 'not_expire', '2020-09-08 18:06:42', '2020-09-08 18:06:42', 0),
(11, 13, 0, '5:00', '6:00', '2020-10-17', '2020-11-12', 30, 7, 'Tuesday,Sunday', 'not_expire', '2020-10-01 12:34:38', '2020-11-09 17:06:48', 0),
(12, 13, 0, '8:00', '9:00', '2020-10-17', '2020-11-12', 30, 7, 'Tuesday,Sunday', 'not_expire', '2020-10-01 12:35:19', '2020-10-11 18:35:33', 0),
(13, 13, 32, '4:00', '5:00', '2020-10-17', '2020-11-12', 30, 7, 'Monday,Wednesday', 'not_expire', '2020-10-01 13:01:09', '2020-10-21 05:50:42', 0),
(14, 14, 0, '05:00', '06:00', '2020-10-17', '2020-11-12', 30, 7, 'Monday,Wednesday', 'not_expire', '2020-10-01 13:01:37', '2020-10-19 10:22:26', 0),
(17, 17, 0, '8:00', '9:00', '2020-10-17', '2020-11-12', 30, 7, 'Monday,Wednesday', 'not_expire', '2020-10-01 13:03:40', '2020-10-11 18:37:08', 0),
(18, 13, 0, '4:00', '5:00', '2020-10-17', '2020-11-12', 30, 7, 'Thursday,Saturday', 'not_expire', '2020-10-01 13:10:43', '2020-10-11 18:37:23', 0),
(20, 14, 0, '6:00', '7:00', '2020-10-18', '2020-11-17', 30, 7, 'Thursday,Saturday', 'not_expire', '2020-10-01 13:12:28', '2020-10-01 13:12:28', 0),
(21, 14, 0, '7:00', '8:00', '2020-10-18', '2020-11-17', 30, 7, 'Thursday,Saturday', 'not_expire', '2020-10-01 13:15:24', '2020-10-01 13:15:24', 0),
(23, 16, 0, '6:00', '7:00', '2020-10-18', '2020-11-17', 30, 7, 'Tuesday,Sunday', 'not_expire', '2020-10-01 13:20:52', '2020-10-01 13:20:52', 0),
(33, 14, 0, '06:00', '07:00', '2020-10-17', '2020-11-12', 26, 8, 'Monday,Wednesday', 'not_expire', '2020-10-12 16:28:05', '2020-10-12 16:41:18', 0),
(35, 14, 0, '05:00', '06:00', '2020-10-17', '2020-11-12', 26, 8, 'Thursday,Saturday', 'not_expire', '2020-10-12 16:44:23', '2020-10-12 16:45:25', 0),
(36, 17, 0, '08:00', '09:00', '2020-10-17', '2020-11-12', 26, 8, 'Thursday,Saturday', 'not_expire', '2020-10-12 16:46:49', '2020-10-12 16:46:49', 0),
(38, 17, 0, '07:00', '08:00', '2020-10-17', '2020-11-12', 26, 8, 'Monday,Wednesday', 'not_expire', '2020-10-12 17:16:52', '2020-10-12 17:16:52', 0),
(41, 15, 0, '07:00', '08:00', '2020-10-17', '2020-11-12', -5, 9, 'Tuesday,Sunday', 'not_expire', '2020-10-14 00:27:45', '2020-10-14 00:31:08', 0),
(47, 13, 0, '4:00', '5:00', '2020-11-14', '2020-12-10', 26, 8, 'Tuesday,Sunday', 'not_expire', '2020-11-06 10:58:02', '2020-11-09 11:36:25', 0),
(45, 15, 0, '7:00', '8;00', '2020-11-14', '2020-12-10', 26, 8, 'Tuesday,Sunday', 'not_expire', '2020-11-05 16:00:12', '2020-11-05 16:00:12', 0),
(48, 13, 0, '5:00', '6:00', '2020-11-14', '2020-12-10', 26, 8, 'Tuesday,Sunday', 'not_expire', '2020-11-06 10:58:41', '2020-11-06 10:58:41', 0),
(50, 13, 0, '4:00', '5:00', '2020-11-14', '2020-12-10', 26, 8, 'Monday,Wednesday', 'not_expire', '2020-11-06 11:00:01', '2020-11-06 11:00:01', 0),
(51, 13, 0, '4:00', '5:00', '2020-11-14', '2020-12-10', 26, 8, 'Thursday,Saturday', 'not_expire', '2020-11-06 11:00:36', '2020-11-06 11:00:36', 0),
(53, 14, 0, '5:00', '6:00', '2020-11-14', '2020-12-10', 26, 8, 'Monday,Wednesday', 'not_expire', '2020-11-06 12:17:20', '2020-11-06 12:17:20', 0),
(63, 15, 0, '8:00', '9:00', '2020-11-14', '2020-12-10', 26, 8, 'Tuesday,Sunday', 'not_expire', '2020-11-07 10:35:59', '2020-11-09 14:30:52', 0),
(55, 14, 0, '6:00', '7:00', '2020-11-14', '2020-12-10', 26, 8, 'Thursday,Saturday', 'not_expire', '2020-11-07 10:15:38', '2020-11-07 10:15:38', 0),
(56, 14, 0, '7:00', '8;00', '2020-11-14', '2020-12-10', 26, 8, 'Thursday,Saturday', 'not_expire', '2020-11-07 10:16:17', '2020-11-07 10:16:17', 0),
(57, 14, 0, '6:00', '7:00', '2020-11-14', '2020-12-10', 26, 8, 'Monday,Wednesday', 'not_expire', '2020-11-07 10:17:34', '2020-11-07 10:17:34', 0),
(58, 14, 0, '5:00', '6:00', '2020-11-14', '2020-12-10', 26, 8, 'Thursday,Saturday', 'not_expire', '2020-11-07 10:18:20', '2020-11-09 14:55:54', 0),
(59, 16, 0, '6:00:00', '7:00', '2020-11-14', '2020-12-10', 26, 8, 'Thursday,Saturday', 'not_expire', '2020-11-07 10:19:11', '2020-11-07 10:19:11', 0),
(60, 17, 0, '8:00', '9:00', '2020-11-14', '2020-12-10', 26, 8, 'Monday,Wednesday', 'not_expire', '2020-11-07 10:20:45', '2020-11-09 17:07:03', 0),
(62, 17, 0, '7:00', '8;00', '2020-11-14', '2020-12-10', 26, 8, 'Monday,Wednesday', 'not_expire', '2020-11-07 10:22:32', '2020-11-09 17:23:35', 0);

-- --------------------------------------------------------

--
-- Table structure for table `class`
--

CREATE TABLE `class` (
  `id` int(11) NOT NULL,
  `student_id` int(25) DEFAULT '0',
  `course_id` int(25) NOT NULL DEFAULT '0',
  `batch_id` int(25) NOT NULL DEFAULT '0',
  `start_from` date NOT NULL,
  `expiry_days` int(25) NOT NULL DEFAULT '0',
  `status` enum('not_expire','expire') NOT NULL DEFAULT 'not_expire',
  `created_at` timestamp NOT NULL DEFAULT CURRENT_TIMESTAMP,
  `updated_at` timestamp NOT NULL DEFAULT CURRENT_TIMESTAMP ON UPDATE CURRENT_TIMESTAMP
) ENGINE=MyISAM DEFAULT CHARSET=utf8mb4;

-- --------------------------------------------------------

--
-- Table structure for table `class_type`
--

CREATE TABLE `class_type` (
  `id` int(11) NOT NULL,
  `type` varchar(500) NOT NULL,
  `created_at` timestamp NOT NULL DEFAULT CURRENT_TIMESTAMP ON UPDATE CURRENT_TIMESTAMP,
  `updated_at` timestamp NOT NULL DEFAULT '0000-00-00 00:00:00' ON UPDATE CURRENT_TIMESTAMP
) ENGINE=MyISAM DEFAULT CHARSET=utf8mb4;

--
-- Dumping data for table `class_type`
--

INSERT INTO `class_type` (`id`, `type`, `created_at`, `updated_at`) VALUES
(1, 'Weekly classes', '2020-04-24 07:40:16', '2020-04-24 07:40:16'),
(2, 'Alternate', '2020-04-24 07:47:09', '2020-04-24 07:47:09'),
(3, 'Regular Class', '2020-09-08 10:46:07', '2020-09-08 10:46:07');

-- --------------------------------------------------------

--
-- Table structure for table `contact`
--

CREATE TABLE `contact` (
  `id` int(55) NOT NULL,
  `name` varchar(255) NOT NULL,
  `email` varchar(255) NOT NULL,
  `mobile` varchar(55) NOT NULL,
  `subject` varchar(255) NOT NULL,
  `message` text NOT NULL,
  `created_at` timestamp NOT NULL DEFAULT CURRENT_TIMESTAMP,
  `updated_at` timestamp NOT NULL DEFAULT CURRENT_TIMESTAMP ON UPDATE CURRENT_TIMESTAMP
) ENGINE=MyISAM DEFAULT CHARSET=utf8mb4;

--
-- Dumping data for table `contact`
--

INSERT INTO `contact` (`id`, `name`, `email`, `mobile`, `subject`, `message`, `created_at`, `updated_at`) VALUES
(1, 'Vikas Rathor', 'vikas.laabhaa@gmail.com', '01234567890', 'Zero Hour -Promotion Codesdfsdf', 'ddvfxgvdf', '2020-03-12 04:37:41', '2020-03-21 13:36:18'),
(2, 'Vikas Rathor', 'vikas.laabhaa@gmail.com', '01234567890', 'Zero Hour -USERNAME', 'esfsgfd', '2020-03-12 04:38:17', '2020-03-21 13:36:18'),
(3, 'Vikas Rathor', 'vikas.laabhaa@gmail.com', '01234567890', 'Domain Reneval Issues www.itservicepark.com', 'fdscsv', '2020-03-12 04:38:49', '2020-03-21 13:36:18'),
(4, 'deepika', 'admin@gmail.com', '9109285994', 'demo', 'hi', '2020-03-17 00:35:56', '2020-03-21 13:36:18'),
(5, 'Eric Jones', 'eric@talkwithwebvisitor.com', '416-385-3200', 'how to turn eyeballs into phone calls', 'Hi, Eric here with a quick thought about your website fitkids-kw.com...\r\n\r\nI’m on the internet a lot and I look at a lot of business websites.\r\n\r\nLike yours, many of them have great content. \r\n\r\nBut all too often, they come up short when it comes to engaging and connecting with anyone who visits.\r\n\r\nI get it – it’s hard.  Studies show 7 out of 10 people who land on a site, abandon it in moments without leaving even a trace.  You got the eyeball, but nothing else.\r\n\r\nHere’s a solution for you…\r\n\r\nTalk With Web Visitor is a software widget that’s works on your site, ready to capture any visitor’s Name, Email address and Phone Number.  You’ll know immediately they’re interested and you can call them directly to talk with them literally while they’re still on the web looking at your site.\r\n\r\nCLICK HERE http://www.talkwithwebvisitors.com to try out a Live Demo with Talk With Web Visitor now to see exactly how it works.\r\n\r\nIt could be huge for your business – and because you’ve got that phone number, with our new SMS Text With Lead feature, you can automatically start a text (SMS) conversation – immediately… and contacting someone in that 5 minute window is 100 times more powerful than reaching out 30 minutes or more later.\r\n\r\nPlus, with text messaging you can follow up later with new offers, content links, even just follow up notes to keep the conversation going.\r\n\r\nEverything I’ve just described is extremely simple to implement, cost-effective, and profitable. \r\n \r\nCLICK HERE http://www.talkwithwebvisitors.com to discover what Talk With Web Visitor can do for your business.\r\n\r\nYou could be converting up to 100X more eyeballs into leads today!\r\n\r\nEric\r\nPS: Talk With Web Visitor offers a FREE 14 days trial – and it even includes International Long Distance Calling. \r\nYou have customers waiting to talk with you right now… don’t keep them waiting. \r\nCLICK HERE http://www.talkwithwebvisitors.com to try Talk With Web Visitor now.\r\n\r\nIf you\'d like to unsubscribe click here http://talkwithwebvisitors.com/unsubscribe.aspx?d=fitkids-kw.com', '2020-09-27 16:25:36', '2020-09-27 16:25:36'),
(6, 'Abrar', 'abrar.salem90@gmail.com', '66365746', 'Child enrollment in class', 'I would like to ask a few questions to enroll my child.', '2020-10-13 10:50:04', '2020-10-13 10:50:04'),
(7, 'Sareh', 'sareh.mohet@ghmail.com', '51774412', 'تسجيل', 'سويت اول خطوه و ثاني خطوه علق وموراضي يفتح', '2020-10-14 16:07:42', '2020-10-14 16:07:42'),
(8, 'Samantha Milan', 'samantha.milan@chatservicedirect.com', '281-440-3201', 'Live chat on your website', 'Hi there,\r\n\r\nI hope you are doing well! I\'m looking to get in contact with someone in marketing or sales and figured to reach out via your website to start. My name is Sam, and I work with companies to help them add (or change) live chat software on their websites.\r\n\r\nIs your company considering adding or changing chat software providers? We do 30-min live product demos each week and encourage people to attend a session to understand the benefits. Also, our product comes with a 30 day money-back guarantee, so you can fully experiment to see how it impacts sales and support on fitkids-kw.com.\r\n\r\nWould you be interested in trying it out? I\'d be happy to answer your questions!\r\n\r\nSamantha Milan\r\nChat Service Division, Tyipe LLC\r\n500 Westover Drive, #15391\r\nSanford, NC 27330\r\n\r\nNot interested? Feel free to opt out here http://esendroute.com/remove?q=fitkids-kw.com&i=14', '2020-10-16 20:01:51', '2020-10-16 20:01:51'),
(9, 'Hugo Garling', 'information@fitkids-kw.com', '0580-4898458', 'fitkids-kw.com NOTICE.', 'ATT: fitkids-kw.com / FitKid SITE SERVICES\r\nThis notification EXPIRES ON: Oct 18, 2020\r\n\r\n\r\nWe have not obtained a payment from you.\r\nWe\'ve attempted to call you yet were unable to contact you.\r\n\r\n\r\nKindly Go To: https://bit.ly/2T47X9p .\r\n\r\nFor information as well as to process a discretionary payment for solutions.\r\n\r\n\r\n\r\n10182020172918.', '2020-10-19 01:29:19', '2020-10-19 01:29:19');

-- --------------------------------------------------------

--
-- Table structure for table `course`
--

CREATE TABLE `course` (
  `id` int(11) NOT NULL,
  `name` varchar(255) NOT NULL,
  `image` varchar(500) NOT NULL,
  `document` text,
  `fees` float(10,2) NOT NULL DEFAULT '0.00',
  `gender` enum('boy','girl','unisex') NOT NULL DEFAULT 'boy',
  `class_type` varchar(55) NOT NULL,
  `description` text NOT NULL,
  `age_from` int(15) NOT NULL DEFAULT '0',
  `age_to` int(15) NOT NULL DEFAULT '0',
  `class_size` int(15) NOT NULL DEFAULT '0',
  `created_at` timestamp NOT NULL DEFAULT CURRENT_TIMESTAMP,
  `updated_at` timestamp NOT NULL DEFAULT CURRENT_TIMESTAMP,
  `status` int(2) NOT NULL
) ENGINE=MyISAM DEFAULT CHARSET=utf8mb4;

--
-- Dumping data for table `course`
--

INSERT INTO `course` (`id`, `name`, `image`, `document`, `fees`, `gender`, `class_type`, `description`, `age_from`, `age_to`, `class_size`, `created_at`, `updated_at`, `status`) VALUES
(13, 'Taek', '14cb6e85a8b1493274cc9ec3d840a45f.jpg', '28bd0f0d9d4d85ba19ff9ac73f1780d5.jpg', 55.25, 'unisex', 'Weekly classes', 'Taekwondo classes and fitness.\r\n                                \r\n                                \r\n                                ', 5, 9, 8, '2020-10-01 12:31:45', '2020-11-09 17:24:44', 0),
(14, 'Won', 'b2322d3e182694b80fa3c9b048f154c6.jpg', 'b2322d3e182694b80fa3c9b048f154c6.jpg', 55.25, 'unisex', 'Weekly classes', 'intermediate\r\n                                \r\n                                \r\n                                ', 5, 9, 8, '2020-10-01 13:00:10', '2020-11-09 15:59:15', 0),
(15, 'Do Boys', '5bd4c544d58cfee1787f74c2a77df5f7.jpg', '5bd4c544d58cfee1787f74c2a77df5f7.jpg', 55.25, 'boy', 'Weekly classes', 'Boys Class\r\n                                \r\n                                \r\n                                \r\n                                \r\n                                \r\n                                \r\n                                \r\n                                \r\n                                \r\n                                ', 11, 15, 9, '2020-10-01 13:17:41', '2020-11-09 17:17:20', 0),
(16, 'Do Girls', '6eeaf2fe95b7220a298958fcf0d6aae0.jpg', '6eeaf2fe95b7220a298958fcf0d6aae0.jpg', 55.25, 'girl', 'Weekly classes', 'Girls Classes\r\n                                \r\n                                ', 10, 15, 8, '2020-10-01 13:19:36', '2020-11-09 15:59:06', 0),
(17, 'Do Uni', '3dcc567b53c2b6706117b0041f4a09e3.jpg', '3dcc567b53c2b6706117b0041f4a09e3.jpg', 55.25, 'unisex', 'Weekly classes', 'Boys & Girls classes\r\n                                \r\n                                ', 5, 9, 8, '2020-10-01 13:23:16', '2020-11-09 15:59:09', 0);

-- --------------------------------------------------------

--
-- Table structure for table `expenses`
--

CREATE TABLE `expenses` (
  `id` int(11) NOT NULL,
  `name` varchar(255) NOT NULL,
  `amount` varchar(255) NOT NULL,
  `created_at` timestamp NOT NULL DEFAULT CURRENT_TIMESTAMP,
  `updated_at` timestamp NOT NULL DEFAULT CURRENT_TIMESTAMP ON UPDATE CURRENT_TIMESTAMP,
  `admin_id` int(255) NOT NULL DEFAULT '1'
) ENGINE=MyISAM DEFAULT CHARSET=latin1;

--
-- Dumping data for table `expenses`
--

INSERT INTO `expenses` (`id`, `name`, `amount`, `created_at`, `updated_at`, `admin_id`) VALUES
(1, 'Traniee', '100', '2020-04-28 17:42:30', '2020-04-28 17:42:30', 1),
(2, 'Traniee', '100', '2020-05-05 17:42:30', '2020-04-28 17:42:30', 1),
(3, 'Traniee', '100', '2020-05-05 17:42:30', '2020-04-28 17:42:30', 1);

-- --------------------------------------------------------

--
-- Table structure for table `gallery`
--

CREATE TABLE `gallery` (
  `id` int(11) NOT NULL,
  `image` varchar(500) NOT NULL,
  `created_at` timestamp NOT NULL DEFAULT CURRENT_TIMESTAMP ON UPDATE CURRENT_TIMESTAMP,
  `updated_at` timestamp NOT NULL DEFAULT '0000-00-00 00:00:00' ON UPDATE CURRENT_TIMESTAMP
) ENGINE=MyISAM DEFAULT CHARSET=utf8mb4;

--
-- Dumping data for table `gallery`
--

INSERT INTO `gallery` (`id`, `image`, `created_at`, `updated_at`) VALUES
(20, '2f5161d8991452fd7e0edbbe2083cafa.JPG', '2020-05-04 04:00:31', '2020-05-04 04:00:31'),
(21, '173c9351bbd2277e81b284db4151c980.JPG', '2020-05-04 04:01:02', '2020-05-04 04:01:02'),
(19, '6fedf7ae373d2152e48dcdc1ffd10836.JPG', '2020-05-04 03:58:34', '2020-05-04 03:58:34'),
(18, '80c451cc2944743a8f1dfeee2d86f3e6.JPG', '2020-05-04 03:57:57', '2020-05-04 03:57:57'),
(17, '47bdfccb3e24248bb0ff8cd6cb4aee90.jpg', '2020-05-04 03:52:18', '2020-05-04 03:52:18'),
(13, '57d682e5b51c8a9d09c84127850219f0.JPG', '2020-05-03 03:12:10', '2020-05-03 03:12:10'),
(15, 'b28ffc2617196489173d7c0f7a2ac324.jpg', '2020-05-04 03:51:17', '2020-05-04 03:51:17'),
(24, '130739c6fe2fd8b5fe4ad88791d145d0.JPG', '2020-05-04 04:04:20', '2020-05-04 04:04:20'),
(25, 'a6e86de845531df6b70e5cd06d1e905a.JPG', '2020-05-04 04:04:38', '2020-05-04 04:04:38'),
(31, '88c7eecc722d967313a99986444e8bd9.JPG', '2020-06-12 06:17:36', '2020-06-12 06:17:36'),
(30, '51210616a64500fd4a5b5e060c2a62fc.JPG', '2020-06-12 06:08:28', '2020-06-12 06:08:28'),
(29, '4ca955126db0d433bb0a667f39ebbb39.JPG', '2020-06-12 06:08:00', '2020-06-12 06:08:00'),
(32, 'a659bb523799cf6874e0144d0990c5e6.jpg', '2020-11-06 10:53:49', '2020-11-06 10:53:49'),
(33, '1e7e63e0e636d4eea12a60f56b63ed2b.jpg', '2020-11-06 10:54:20', '2020-11-06 10:54:20');

-- --------------------------------------------------------

--
-- Table structure for table `payment`
--

CREATE TABLE `payment` (
  `id` int(11) NOT NULL,
  `payment_id` varchar(255) NOT NULL DEFAULT '0',
  `course_id` int(55) NOT NULL DEFAULT '0',
  `batch_id` int(11) DEFAULT NULL,
  `price` varchar(255) NOT NULL,
  `login_id` int(55) NOT NULL DEFAULT '0',
  `payment_token` varchar(255) DEFAULT NULL,
  `paid_on` varchar(255) DEFAULT NULL,
  `status` varchar(255) NOT NULL DEFAULT 'Pending',
  `created_at` timestamp NOT NULL DEFAULT CURRENT_TIMESTAMP,
  `updated_at` timestamp NOT NULL DEFAULT CURRENT_TIMESTAMP ON UPDATE CURRENT_TIMESTAMP,
  `admin_id` int(255) NOT NULL DEFAULT '1'
) ENGINE=InnoDB DEFAULT CHARSET=latin1;

--
-- Dumping data for table `payment`
--

INSERT INTO `payment` (`id`, `payment_id`, `course_id`, `batch_id`, `price`, `login_id`, `payment_token`, `paid_on`, `status`, `created_at`, `updated_at`, `admin_id`) VALUES
(6, '100202024897336669', 8, NULL, '55', 1, '64159920526454935744575', '2020-09-04+10:44:34', 'Failed', '2020-09-04 07:41:04', '2020-09-04 08:57:51', 1),
(7, '100202024894781488', 8, NULL, '55', 1, '64159921035257373445426', '2020-09-04+12:07:29', 'Failed', '2020-09-04 09:05:52', '2020-09-04 09:07:45', 1),
(8, '0', 1, NULL, '20', 1, NULL, NULL, 'Pending', '2020-09-04 11:29:40', '2020-09-04 11:29:40', 1),
(9, '0', 1, NULL, '20', 1, NULL, NULL, 'Pending', '2020-09-04 11:30:05', '2020-09-04 11:30:05', 1),
(10, '0', 1, NULL, '20', 1, NULL, NULL, 'Pending', '2020-09-04 11:31:37', '2020-09-04 11:31:37', 1),
(11, '0', 1, NULL, '20', 1, NULL, NULL, 'Pending', '2020-09-04 11:33:42', '2020-09-04 11:33:42', 1),
(12, '0', 1, NULL, '20', 1, NULL, NULL, 'Pending', '2020-09-04 11:40:44', '2020-09-04 11:40:44', 1),
(13, '100202025230811407', 1, 7, '20', 1, '64159956155763647675463', '2020-09-08+13:40:12', 'Failed', '2020-09-08 10:39:17', '2020-09-08 10:40:25', 1),
(14, '0', 8, 5, '55', 11, NULL, NULL, 'Pending', '2020-09-09 08:01:31', '2020-09-09 08:01:31', 1),
(15, '0', 1, 7, '20', 12, NULL, NULL, 'Pending', '2020-09-09 14:14:36', '2020-09-09 14:14:36', 1),
(16, '100202027714503219', 4, 4, '30', 1, '6416017289223556956546', '2020-10-03+15:43:00', 'Failed', '2020-10-03 16:42:02', '2020-10-03 16:44:56', 1),
(17, '100202027714634455', 4, 4, '30', 1, '6416017291897454653598', '2020-10-03+15:49:24', 'Failed', '2020-10-03 16:46:28', '2020-10-03 16:49:34', 1),
(18, '0', 15, 22, '55', 1, NULL, NULL, 'Pending', '2020-10-07 21:01:41', '2020-10-07 21:01:41', 1),
(19, '0', 13, 10, '55', 11, NULL, NULL, 'Pending', '2020-10-07 21:55:40', '2020-10-07 21:55:40', 1),
(20, '0', 13, 19, '55', 11, NULL, NULL, 'Pending', '2020-10-08 01:26:05', '2020-10-08 01:26:05', 1),
(21, '0', 16, 23, '55', 13, NULL, NULL, 'Pending', '2020-10-08 14:37:52', '2020-10-08 14:37:52', 1),
(22, '0', 13, 10, '55', 13, NULL, NULL, 'Pending', '2020-10-08 15:43:11', '2020-10-08 15:43:11', 1),
(23, '0', 13, 10, '55', 13, NULL, NULL, 'Pending', '2020-10-08 16:35:18', '2020-10-08 16:35:18', 1),
(24, '0', 13, 10, '55', 14, NULL, NULL, 'Pending', '2020-10-09 12:20:36', '2020-10-09 12:20:36', 1),
(25, '100202028383952277', 13, 10, '55', 14, '6416022320103996995419', '2020-10-09+11:27:40', 'Failed', '2020-10-09 12:26:49', '2020-10-09 12:27:52', 1),
(26, '100202028316111729', 13, 10, '55', 14, '6416022321364965999939', '2020-10-09+11:32:47', 'Failed', '2020-10-09 12:28:55', '2020-10-09 12:32:58', 1),
(27, '0', 14, 15, '55', 15, NULL, NULL, 'Pending', '2020-10-09 12:44:04', '2020-10-09 12:44:04', 1),
(28, '100202028409733026', 13, 10, '55', 11, '6416023193809356797397', '2020-10-10+11:45:52', 'Completed', '2020-10-10 12:42:59', '2020-10-10 12:45:58', 1),
(29, '0', 14, 15, '55', 14, NULL, NULL, 'Pending', '2020-10-10 14:30:27', '2020-10-10 14:30:27', 1),
(30, '0', 13, 11, '55', 14, NULL, NULL, 'Pending', '2020-10-10 14:48:26', '2020-10-10 14:48:26', 1),
(31, '0', 15, 22, '55', 14, NULL, NULL, 'Pending', '2020-10-10 15:13:16', '2020-10-10 15:13:16', 1),
(32, '0', 14, 13, '55', 1, NULL, NULL, 'Pending', '2020-10-10 17:56:28', '2020-10-10 17:56:28', 1),
(33, '0', 14, 13, '55', 1, NULL, NULL, 'Pending', '2020-10-10 17:56:34', '2020-10-10 17:56:34', 1),
(34, '0', 14, 13, '55', 1, NULL, NULL, 'Pending', '2020-10-10 17:59:16', '2020-10-10 17:59:16', 1),
(35, '0', 14, 13, '55', 1, NULL, NULL, 'Pending', '2020-10-10 18:10:47', '2020-10-10 18:10:47', 1),
(36, '0', 14, 20, '55', 1, NULL, NULL, 'Pending', '2020-10-10 18:12:05', '2020-10-10 18:12:05', 1),
(37, '0', 14, 14, '55', 1, NULL, NULL, 'Pending', '2020-10-10 18:12:50', '2020-10-10 18:12:50', 1),
(38, '0', 15, 22, '55', 14, NULL, NULL, 'Pending', '2020-10-10 18:37:36', '2020-10-10 18:37:36', 1),
(39, '0', 15, 22, '55', 14, NULL, NULL, 'Pending', '2020-10-10 18:37:43', '2020-10-10 18:37:43', 1),
(40, '0', 15, 22, '55', 14, NULL, NULL, 'Pending', '2020-10-10 18:37:44', '2020-10-10 18:37:44', 1),
(41, '0', 13, 10, '55', 14, NULL, NULL, 'Pending', '2020-10-10 18:38:02', '2020-10-10 18:38:02', 1),
(42, '0', 14, 13, '55', 14, NULL, NULL, 'Pending', '2020-10-10 18:38:53', '2020-10-10 18:38:53', 1),
(43, '0', 14, 20, '55', 14, NULL, NULL, 'Pending', '2020-10-10 18:39:04', '2020-10-10 18:39:04', 1),
(44, '0', 15, 22, '55', 14, NULL, NULL, 'Pending', '2020-10-10 21:22:49', '2020-10-10 21:22:49', 1),
(45, '0', 15, 22, '55', 14, NULL, NULL, 'Pending', '2020-10-10 21:23:10', '2020-10-10 21:23:10', 1),
(46, '0', 14, 13, '55', 11, NULL, NULL, 'Pending', '2020-10-11 09:35:35', '2020-10-11 09:35:35', 1),
(47, '0', 14, 14, '55', 11, NULL, NULL, 'Pending', '2020-10-11 09:36:17', '2020-10-11 09:36:17', 1),
(48, '0', 14, 13, '55', 11, NULL, NULL, 'Pending', '2020-10-11 09:38:34', '2020-10-11 09:38:34', 1),
(49, '0', 14, 13, '55', 11, NULL, NULL, 'Pending', '2020-10-11 09:38:43', '2020-10-11 09:38:43', 1),
(50, '0', 14, 20, '55', 16, NULL, NULL, 'Pending', '2020-10-11 09:45:55', '2020-10-11 09:45:55', 1),
(51, '0', 14, 20, '55', 16, NULL, NULL, 'Pending', '2020-10-11 09:46:01', '2020-10-11 09:46:01', 1),
(52, '0', 14, 20, '55', 16, NULL, NULL, 'Pending', '2020-10-11 09:46:03', '2020-10-11 09:46:03', 1),
(53, '0', 14, 20, '55', 16, NULL, NULL, 'Pending', '2020-10-11 09:47:01', '2020-10-11 09:47:01', 1),
(54, '0', 14, 20, '55', 16, NULL, NULL, 'Pending', '2020-10-11 09:57:07', '2020-10-11 09:57:07', 1),
(55, '0', 14, 20, '55', 16, NULL, NULL, 'Pending', '2020-10-11 10:32:06', '2020-10-11 10:32:06', 1),
(56, '0', 14, 20, '55', 16, NULL, NULL, 'Pending', '2020-10-11 10:33:10', '2020-10-11 10:33:10', 1),
(57, '0', 14, 20, '55', 16, NULL, NULL, 'Pending', '2020-10-11 10:35:43', '2020-10-11 10:35:43', 1),
(58, '0', 14, 20, '55', 16, NULL, NULL, 'Pending', '2020-10-11 10:44:24', '2020-10-11 10:44:24', 1),
(59, '0', 14, 20, '55', 16, NULL, NULL, 'Pending', '2020-10-11 10:46:58', '2020-10-11 10:46:58', 1),
(60, '0', 14, 20, '55', 16, NULL, NULL, 'Pending', '2020-10-11 10:49:30', '2020-10-11 10:49:30', 1),
(61, '0', 14, 20, '55', 16, NULL, NULL, 'Pending', '2020-10-11 10:54:36', '2020-10-11 10:54:36', 1),
(62, '101202028500241013', 14, 13, '55', 11, '2364160240047496765943622', '2020-10-11+10:14:46', 'Failed', '2020-10-11 11:14:33', '2020-10-11 11:15:00', 1),
(63, '0', 14, 20, '55', 16, NULL, NULL, 'Pending', '2020-10-11 11:15:17', '2020-10-11 11:15:17', 1),
(64, '0', 15, 22, '55', 16, NULL, NULL, 'Pending', '2020-10-11 11:16:43', '2020-10-11 11:16:43', 1),
(65, '101202028500726813', 13, 10, '55', 14, '2364160240144635494567642', '2020-10-11+10:33:02', 'Completed', '2020-10-11 11:30:44', '2020-10-11 11:33:08', 1),
(66, '101202028511693307', 13, 10, '55', 17, '236416024233787475646450', '2020-10-11+16:39:53', 'Failed', '2020-10-11 17:36:17', '2020-10-11 17:40:06', 1),
(67, '101202028588153611', 13, 10, '55', 17, '2364160242368654334756448', '2020-10-11+16:42:22', 'Completed', '2020-10-11 17:41:25', '2020-10-11 17:42:28', 1),
(68, '101202028600581276', 14, 14, '55', 1, '2364160250115344564375923', '2020-10-12+14:12:58', 'Failed', '2020-10-12 15:12:32', '2020-10-12 15:13:12', 1),
(69, '0', 14, 31, '55', 16, NULL, NULL, 'Pending', '2020-10-12 15:17:54', '2020-10-12 15:17:54', 1),
(70, '0', 15, 22, '55', 11, NULL, NULL, 'Pending', '2020-10-12 16:57:29', '2020-10-12 16:57:29', 1),
(71, '0', 15, 22, '55', 11, NULL, NULL, 'Pending', '2020-10-12 16:59:53', '2020-10-12 16:59:53', 1),
(72, '101202028692027147', 14, 33, '55', 19, '2364160251593896769579979', '2020-10-12+18:19:42', 'Completed', '2020-10-12 19:18:57', '2020-10-12 19:19:48', 1),
(73, '101202028609272883', 14, 33, '55', 20, '236416025185377445539384', '2020-10-12+19:03:42', 'Completed', '2020-10-12 20:02:16', '2020-10-12 20:03:52', 1),
(74, '101202028609447815', 14, 33, '55', 21, '2364160251888844545336538', '2020-10-12+19:09:16', 'Completed', '2020-10-12 20:08:07', '2020-10-12 20:09:24', 1),
(75, '101202028690426718', 15, 22, '55', 23, '2364160251913749673699362', '2020-10-12+19:13:44', 'Completed', '2020-10-12 20:12:16', '2020-10-12 20:13:49', 1),
(76, '0', 13, 18, '55', 23, NULL, NULL, 'Pending', '2020-10-12 20:22:36', '2020-10-12 20:22:36', 1),
(77, '101202028690083341', 13, 13, '55', 24, '23641602519826676565745', '2020-10-12+19:24:50', 'Completed', '2020-10-12 20:23:45', '2020-10-12 20:24:55', 1),
(78, '101202028610001801', 13, 18, '55', 25, '2364160251999765364735972', '2020-10-12+19:28:19', 'Completed', '2020-10-12 20:26:36', '2020-10-12 20:28:25', 1),
(79, '0', 13, 18, '55', 25, NULL, NULL, 'Pending', '2020-10-12 20:26:40', '2020-10-12 20:26:40', 1),
(80, '101202028610466304', 17, 36, '55', 30, '2364160252092644674363533', '2020-10-12+19:44:43', 'Completed', '2020-10-12 20:42:05', '2020-10-12 20:44:49', 1),
(81, '101202028689210058', 17, 38, '55', 26, '2364160252157354567365977', '2020-10-12+19:56:53', 'Completed', '2020-10-12 20:52:52', '2020-10-12 20:56:58', 1),
(82, '101202028688649877', 17, 38, '55', 29, '2364160252183563594479533', '2020-10-12+20:14:03', 'Completed', '2020-10-12 20:57:14', '2020-10-12 21:14:08', 1),
(83, '101202028613392076', 16, 23, '55', 33, '2364160252677676656549480', '2020-10-12+21:21:28', 'Completed', '2020-10-12 22:19:35', '2020-10-12 22:21:36', 1),
(84, '101202028686423130', 14, 33, '55', 34, '2364160252714457336463437', '2020-10-12+21:26:56', 'Completed', '2020-10-12 22:25:44', '2020-10-12 22:27:07', 1),
(85, '0', 14, 35, '55', 37, NULL, NULL, 'Pending', '2020-10-12 23:03:12', '2020-10-12 23:03:12', 1),
(86, '101202028685270121', 14, 35, '55', 37, '2364160252945344543737343', '2020-10-12+22:04:54', 'Completed', '2020-10-12 23:04:12', '2020-10-12 23:04:59', 1),
(87, '101202028614806183', 14, 35, '55', 37, '2364160252960544639774974', '2020-10-12+22:07:28', 'Completed', '2020-10-12 23:06:44', '2020-10-12 23:07:33', 1),
(88, '101202028684195915', 13, 11, '55', 28, '236416025316009677353698', '2020-10-12+22:41:55', 'Completed', '2020-10-12 23:39:59', '2020-10-12 23:42:02', 1),
(89, '101202028616330787', 13, 11, '55', 38, '2364160253265496559573910', '2020-10-12+22:58:45', 'Completed', '2020-10-12 23:57:33', '2020-10-12 23:58:50', 1),
(90, '101202028683429318', 17, 38, '55', 35, '236416025331355659336562', '2020-10-12+23:06:54', 'Completed', '2020-10-13 00:05:34', '2020-10-13 00:06:59', 1),
(91, '101202028683209561', 16, 23, '55', 22, '2364160253357263754477571', '2020-10-12+23:15:22', 'Completed', '2020-10-13 00:12:51', '2020-10-13 00:15:28', 1),
(92, '101202028718901086', 15, 22, '55', 40, '236416025377935659556533', '2020-10-13+00:24:16', 'Completed', '2020-10-13 01:23:12', '2020-10-13 01:24:26', 1),
(93, '0', 13, 18, '55', 41, NULL, NULL, 'Pending', '2020-10-13 10:28:02', '2020-10-13 10:28:02', 1),
(94, '101202028735280365', 13, 18, '55', 41, '236416025705559574454988', '2020-10-13+09:30:11', 'Completed', '2020-10-13 10:29:14', '2020-10-13 10:30:17', 1),
(95, '101202028763783875', 13, 18, '55', 43, '2364160257242444549597555', '2020-10-13+10:06:06', 'Completed', '2020-10-13 11:00:23', '2020-10-13 11:06:15', 1),
(96, '0', 14, 33, '55', 50, NULL, NULL, 'Pending', '2020-10-13 11:35:33', '2020-10-13 11:35:33', 1),
(97, '101202028762608133', 14, 33, '55', 50, '2364160257477754737674572', '2020-10-13+10:40:24', 'Completed', '2020-10-13 11:39:36', '2020-10-13 11:40:29', 1),
(98, '101202028762154481', 14, 21, '55', 55, '2364160257568376444696537', '2020-10-13+10:57:50', 'Completed', '2020-10-13 11:54:42', '2020-10-13 11:57:55', 1),
(99, '101202028738058516', 14, 21, '55', 51, '236416025761116339769963', '2020-10-13+11:03:22', 'Completed', '2020-10-13 12:01:49', '2020-10-13 12:03:27', 1),
(100, '101202028761911288', 13, 13, '55', 56, '2364160257616936946749667', '2020-10-13+11:03:39', 'Completed', '2020-10-13 12:02:48', '2020-10-13 12:03:45', 1),
(101, '101202028761825686', 13, 10, '55', 48, '236416025763406354396551', '2020-10-13+11:07:19', 'Completed', '2020-10-13 12:05:39', '2020-10-13 12:07:24', 1),
(102, '101202028761752568', 13, 10, '55', 44, '236416025764887559776416', '2020-10-13+11:09:01', 'Completed', '2020-10-13 12:08:07', '2020-10-13 12:09:06', 1),
(103, '101202028761702860', 13, 10, '55', 46, '2364160257658793345545918', '2020-10-13+11:11:04', 'Completed', '2020-10-13 12:09:46', '2020-10-13 12:11:09', 1),
(104, '101202028738358963', 13, 10, '55', 47, '2364160257671149693794375', '2020-10-13+11:12:40', 'Completed', '2020-10-13 12:11:50', '2020-10-13 12:12:55', 1),
(105, '0', 14, 33, '55', 58, NULL, NULL, 'Pending', '2020-10-13 12:37:51', '2020-10-13 12:37:51', 1),
(106, '101202028739201912', 14, 33, '55', 58, '2364160257839744733595556', '2020-10-13+11:42:06', 'Completed', '2020-10-13 12:39:56', '2020-10-13 12:42:12', 1),
(107, '101202028760600611', 13, 10, '55', 61, '2364160257879163446695971', '2020-10-13+11:47:30', 'Completed', '2020-10-13 12:46:30', '2020-10-13 12:47:35', 1),
(108, '0', 13, 10, '55', 60, NULL, NULL, 'Pending', '2020-10-13 12:48:51', '2020-10-13 12:48:51', 1),
(109, '0', 13, 10, '55', 60, NULL, NULL, 'Pending', '2020-10-13 12:52:42', '2020-10-13 12:52:42', 1),
(110, '101202028760308557', 13, 10, '55', 60, '2364160257937697644373449', '2020-10-13+11:57:28', 'Completed', '2020-10-13 12:56:16', '2020-10-13 12:57:33', 1),
(111, '101202028760221792', 13, 10, '55', 59, '236416025795518359357362', '2020-10-13+12:00:22', 'Completed', '2020-10-13 12:59:10', '2020-10-13 13:00:28', 1),
(112, '101202028760076428', 13, 18, '55', 62, '2364160257983944747349932', '2020-10-13+12:05:42', 'Completed', '2020-10-13 13:03:58', '2020-10-13 13:05:48', 1),
(113, '101202028760033022', 17, 38, '55', 54, '2364160257992576359796529', '2020-10-13+12:06:17', 'Completed', '2020-10-13 13:05:24', '2020-10-13 13:06:23', 1),
(114, '101202028758961411', 14, 14, '55', 39, '23641602582069539973556', '2020-10-13+12:44:15', 'Completed', '2020-10-13 13:41:08', '2020-10-13 13:44:21', 1),
(115, '101202028758447842', 13, 18, '55', 66, '2364160258309574699776519', '2020-10-13+13:00:59', 'Completed', '2020-10-13 13:58:14', '2020-10-13 14:01:05', 1),
(116, '101202028758249564', 13, 18, '55', 64, '2364160258349337696379661', '2020-10-13+13:06:38', 'Completed', '2020-10-13 14:04:53', '2020-10-13 14:06:44', 1),
(117, '101202028757171853', 17, 36, '55', 72, '236416025856489595634449', '2020-10-13+13:41:45', 'Completed', '2020-10-13 14:40:47', '2020-10-13 14:41:51', 1),
(118, '101202028756360545', 17, 38, '55', 73, '2364160258727163346346942', '2020-10-13+14:10:41', 'Completed', '2020-10-13 15:07:50', '2020-10-13 15:11:15', 1),
(119, '101202028756138789', 13, 11, '55', 73, '2364160258771565747453990', '2020-10-13+14:15:52', 'Completed', '2020-10-13 15:15:14', '2020-10-13 15:15:58', 1),
(120, '0', 14, 33, '55', 74, NULL, NULL, 'Pending', '2020-10-13 15:16:20', '2020-10-13 15:16:20', 1),
(121, '101202028756078153', 14, 33, '55', 74, '236416025878383573345311', '2020-10-13+14:24:04', 'Completed', '2020-10-13 15:17:17', '2020-10-13 15:24:12', 1),
(122, '101202028745438696', 14, 21, '55', 69, '236416025908699374455491', '2020-10-13+15:08:31', 'Completed', '2020-10-13 16:07:48', '2020-10-13 16:08:37', 1),
(123, '101202028745555069', 14, 21, '55', 68, '236416025911047766369582', '2020-10-13+15:12:22', 'Completed', '2020-10-13 16:11:43', '2020-10-13 16:12:29', 1),
(124, '0', 17, 38, '55', 76, NULL, NULL, 'Pending', '2020-10-13 16:12:59', '2020-10-13 16:12:59', 1),
(125, '101202028746326403', 13, 18, '55', 52, '2364160259264565556739974', '2020-10-13+15:41:28', 'Completed', '2020-10-13 16:37:24', '2020-10-13 16:41:35', 1),
(126, '101202028746930411', 17, 38, '55', 76, '2364160259385496749643460', '2020-10-13+15:59:48', 'Completed', '2020-10-13 16:57:33', '2020-10-13 16:59:55', 1),
(127, '101202028797952297', 15, 22, '55', 78, '2364160259730743964693339', '2020-10-13+18:50:45', 'Completed', '2020-10-13 17:55:07', '2020-10-13 19:50:52', 1),
(128, '101202028751094255', 14, 33, '55', 80, '236416025978043969954669', '2020-10-13+17:04:38', 'Completed', '2020-10-13 18:03:23', '2020-10-13 18:04:43', 1),
(129, '101202028749366600', 14, 33, '55', 82, '2364160259872776946757328', '2020-10-13+17:19:55', 'Completed', '2020-10-13 18:18:46', '2020-10-13 18:20:01', 1),
(130, '0', 14, 21, '55', 79, NULL, NULL, 'Pending', '2020-10-13 18:18:53', '2020-10-13 18:18:53', 1),
(131, '101202028749468032', 14, 21, '55', 79, '236416025989307697759536', '2020-10-13+17:24:30', 'Completed', '2020-10-13 18:22:09', '2020-10-13 18:24:37', 1),
(132, '0', 14, 21, '55', 89, NULL, NULL, 'Pending', '2020-10-13 22:09:59', '2020-10-13 22:09:59', 1),
(133, '101202028706952001', 16, 23, '55', 92, '236416026138963777566426', '2020-10-13+21:32:43', 'Completed', '2020-10-13 22:31:35', '2020-10-13 22:32:49', 1),
(134, '0', 17, 38, '55', 90, NULL, NULL, 'Pending', '2020-10-13 22:35:42', '2020-10-13 22:35:42', 1),
(135, '101202028792890639', 17, 38, '55', 90, '236416026142127753947547', '2020-10-13+21:39:12', 'Completed', '2020-10-13 22:36:51', '2020-10-13 22:39:19', 1),
(136, '101202028792871705', 16, 23, '55', 94, '236416026142506755793481', '2020-10-13+21:38:45', 'Completed', '2020-10-13 22:37:29', '2020-10-13 22:38:51', 1),
(137, '101202028707314447', 17, 38, '55', 91, '236416026146223555737320', '2020-10-13+21:44:57', 'Completed', '2020-10-13 22:43:41', '2020-10-13 22:45:07', 1),
(138, '101202028792572139', 14, 21, '55', 89, '236416026148489639474647', '2020-10-13+21:49:11', 'Completed', '2020-10-13 22:47:27', '2020-10-13 22:49:23', 1),
(139, '101202028707438832', 17, 38, '55', 93, '236416026148717433344744', '2020-10-13+21:49:31', 'Completed', '2020-10-13 22:47:50', '2020-10-13 22:49:38', 1),
(140, '101202028792532981', 14, 21, '55', 84, '2364160261492697473753695', '2020-10-13+21:51:39', 'Completed', '2020-10-13 22:48:45', '2020-10-13 22:51:45', 1),
(141, '101202028792034033', 13, 12, '55', 57, '2364160261592376363664457', '2020-10-13+22:06:58', 'Failed', '2020-10-13 23:05:22', '2020-10-13 23:07:10', 1),
(142, '101202028791969852', 13, 12, '55', 57, '2364160261605465595544572', '2020-10-13+22:09:20', 'Completed', '2020-10-13 23:07:33', '2020-10-13 23:09:26', 1),
(143, '0', 14, 33, '55', 88, NULL, NULL, 'Pending', '2020-10-13 23:32:18', '2020-10-13 23:32:18', 1),
(144, '0', 14, 33, '55', 88, NULL, NULL, 'Pending', '2020-10-13 23:40:54', '2020-10-13 23:40:54', 1),
(145, '0', 14, 33, '55', 88, NULL, NULL, 'Pending', '2020-10-13 23:42:43', '2020-10-13 23:42:43', 1),
(146, '0', 13, 11, '55', 88, NULL, NULL, 'Pending', '2020-10-14 00:23:15', '2020-10-14 00:23:15', 1),
(147, '0', 13, 11, '55', 88, NULL, NULL, 'Pending', '2020-10-14 00:23:18', '2020-10-14 00:23:18', 1),
(148, '101202028789526831', 15, 41, '55', 95, '236416026209384343555560', '2020-10-13+23:30:19', 'Completed', '2020-10-14 00:28:57', '2020-10-14 00:30:25', 1),
(149, '0', 14, 35, '55', 88, NULL, NULL, 'Pending', '2020-10-14 00:35:42', '2020-10-14 00:35:42', 1),
(150, '101202028789314303', 14, 33, '55', 88, '2364160262136596756396631', '2020-10-13+23:38:18', 'Completed', '2020-10-14 00:36:04', '2020-10-14 00:38:24', 1),
(151, '101202028789295257', 15, 41, '55', 96, '236416026214016353573650', '2020-10-13+23:39:02', 'Completed', '2020-10-14 00:36:40', '2020-10-14 00:39:08', 1),
(152, '101202028789284461', 14, 35, '55', 98, '2364160262142469645537524', '2020-10-13+23:37:44', 'Completed', '2020-10-14 00:37:04', '2020-10-14 00:37:50', 1),
(153, '101202028710845264', 13, 12, '55', 97, '2364160262168243473646923', '2020-10-13+23:42:43', 'Completed', '2020-10-14 00:41:22', '2020-10-14 00:42:49', 1),
(154, '101202028789151237', 14, 35, '55', 99, '236416026216916357457552', '2020-10-13+23:42:11', 'Completed', '2020-10-14 00:41:30', '2020-10-14 00:42:16', 1),
(155, '101202028814610734', 14, 35, '55', 101, '2364160262921435759595330', '2020-10-14+01:48:13', 'Completed', '2020-10-14 02:46:53', '2020-10-14 02:48:23', 1),
(156, '101202028885176163', 14, 35, '55', 102, '236416026296409767334566', '2020-10-14+01:55:25', 'Completed', '2020-10-14 02:54:00', '2020-10-14 02:55:31', 1),
(157, '101202028857394299', 14, 33, '55', 105, '2364160268520374379955477', '2020-10-14+17:21:31', 'Completed', '2020-10-14 18:20:02', '2020-10-14 18:21:37', 1),
(158, '101202028855002682', 14, 21, '55', 106, '2364160268998653665574529', '2020-10-14+18:41:45', 'Completed', '2020-10-14 19:39:45', '2020-10-14 19:41:50', 1),
(159, '101202028848417700', 15, 41, '55', 107, '2364160269682644676576391', '2020-10-14+20:35:42', 'Completed', '2020-10-14 21:33:45', '2020-10-14 21:35:48', 1),
(160, '0', 13, 10, '55', 108, NULL, NULL, 'Pending', '2020-10-15 11:27:26', '2020-10-15 11:27:26', 1),
(161, '0', 13, 10, '55', 108, NULL, NULL, 'Pending', '2020-10-15 11:33:41', '2020-10-15 11:33:41', 1),
(162, '0', 13, 10, '55', 108, NULL, NULL, 'Pending', '2020-10-15 11:34:19', '2020-10-15 11:34:19', 1),
(163, '0', 13, 10, '55', 108, NULL, NULL, 'Pending', '2020-10-15 11:45:57', '2020-10-15 11:45:57', 1),
(164, '101202028975965342', 13, 13, '55', 32, '236416027480617767779541', '2020-10-15+10:48:46', 'Completed', '2020-10-15 11:47:39', '2020-10-15 11:48:54', 1),
(165, '0', 13, 10, '55', 108, NULL, NULL, 'Pending', '2020-10-15 12:53:36', '2020-10-15 12:53:36', 1),
(166, '0', 15, 41, '55', 108, NULL, NULL, 'Pending', '2020-10-15 13:38:29', '2020-10-15 13:38:29', 1),
(167, '0', 13, 10, '55', 108, NULL, NULL, 'Pending', '2020-10-15 15:55:46', '2020-10-15 15:55:46', 1),
(168, '0', 13, 10, '55', 108, NULL, NULL, 'Pending', '2020-10-15 15:55:50', '2020-10-15 15:55:50', 1),
(169, '0', 13, 10, '55', 108, NULL, NULL, 'Pending', '2020-10-15 15:55:51', '2020-10-15 15:55:51', 1),
(170, '0', 13, 10, '55', 108, NULL, NULL, 'Pending', '2020-10-15 16:01:40', '2020-10-15 16:01:40', 1),
(171, '0', 13, 10, '55', 108, NULL, NULL, 'Pending', '2020-10-15 16:01:53', '2020-10-15 16:01:53', 1),
(172, '0', 13, 10, '55', 108, NULL, NULL, 'Pending', '2020-10-15 16:02:54', '2020-10-15 16:02:54', 1),
(173, '0', 13, 10, '55', 108, NULL, NULL, 'Pending', '2020-10-15 16:04:39', '2020-10-15 16:04:39', 1),
(174, '0', 13, 10, '55', 108, NULL, NULL, 'Pending', '2020-10-15 16:04:42', '2020-10-15 16:04:42', 1),
(175, '0', 13, 10, '55', 108, NULL, NULL, 'Pending', '2020-10-15 16:04:53', '2020-10-15 16:04:53', 1),
(176, '0', 13, 10, '55', 108, NULL, NULL, 'Pending', '2020-10-15 16:06:50', '2020-10-15 16:06:50', 1),
(177, '0', 13, 10, '55', 108, NULL, NULL, 'Pending', '2020-10-15 16:09:33', '2020-10-15 16:09:33', 1),
(178, '0', 13, 10, '55', 108, NULL, NULL, 'Pending', '2020-10-15 16:14:17', '2020-10-15 16:14:17', 1),
(179, '0', 13, 10, '55', 108, NULL, NULL, 'Pending', '2020-10-15 16:14:59', '2020-10-15 16:14:59', 1),
(180, '0', 13, 11, '55', 108, NULL, NULL, 'Pending', '2020-10-15 16:16:40', '2020-10-15 16:16:40', 1),
(181, '0', 13, 10, '55', 108, NULL, NULL, 'Pending', '2020-10-15 16:31:45', '2020-10-15 16:31:45', 1),
(182, '0', 13, 10, '55', 108, NULL, NULL, 'Pending', '2020-10-15 16:37:13', '2020-10-15 16:37:13', 1),
(183, '101202028964731369', 14, 14, '55', 27, '236416027705295957639563', '2020-10-15+17:02:47', 'Completed', '2020-10-15 18:02:08', '2020-10-15 18:02:52', 1),
(184, '101202028935593854', 14, 35, '55', 103, '236416027711805467576345', '2020-10-15+17:15:03', 'Completed', '2020-10-15 18:12:59', '2020-10-15 18:15:10', 1),
(185, '101202028935996799', 14, 35, '55', 110, '236416027719879677964361', '2020-10-15+17:27:49', 'Completed', '2020-10-15 18:26:26', '2020-10-15 18:27:57', 1),
(186, '101202028963777284', 14, 35, '55', 111, '236416027724394977967564', '2020-10-15+17:34:54', 'Completed', '2020-10-15 18:33:58', '2020-10-15 18:35:04', 1),
(187, '0', 17, 38, '55', 45, NULL, NULL, 'Pending', '2020-10-15 19:42:26', '2020-10-15 19:42:26', 1),
(188, '101202028961530097', 17, 38, '55', 45, '236416027769333679555445', '2020-10-15+18:51:32', 'Failed', '2020-10-15 19:48:51', '2020-10-15 19:51:45', 1),
(189, '0', 17, 38, '55', 45, NULL, NULL, 'Pending', '2020-10-15 19:48:55', '2020-10-15 19:48:55', 1),
(190, '0', 17, 38, '55', 42, NULL, NULL, 'Pending', '2020-10-15 19:56:23', '2020-10-15 19:56:23', 1),
(191, '0', 17, 38, '55', 42, NULL, NULL, 'Pending', '2020-10-15 19:56:26', '2020-10-15 19:56:26', 1),
(192, '101202028943354471', 14, 20, '55', 113, '2364160278670035346493348', '2020-10-15+21:33:07', 'Completed', '2020-10-15 22:31:39', '2020-10-15 22:33:15', 1),
(193, '101202028953678735', 14, 21, '55', 114, '236416027926357544949455', '2020-10-15+23:13:50', 'Completed', '2020-10-16 00:10:34', '2020-10-16 00:13:56', 1),
(194, '101202029075599485', 15, 41, '55', 115, '2364160284878863699994430', '2020-10-16+14:48:06', 'Completed', '2020-10-16 15:46:27', '2020-10-16 15:48:13', 1),
(195, '101202029115490471', 13, 13, '55', 104, '2364160293097393933537691', '2020-10-17+13:37:11', 'Completed', '2020-10-17 14:36:12', '2020-10-17 14:37:17', 1),
(196, '101202029178113784', 14, 21, '55', 116, '2364160294376649593767381', '2020-10-17+17:10:43', 'Completed', '2020-10-17 18:09:24', '2020-10-17 18:10:48', 1),
(197, '101202029172469200', 13, 12, '55', 65, '236416029550533744453657', '2020-10-17+20:19:57', 'Completed', '2020-10-17 21:17:32', '2020-10-17 21:20:34', 1),
(198, '101202029172154362', 14, 21, '55', 120, '2364160295568154564764923', '2020-10-17+20:30:21', 'Completed', '2020-10-17 21:28:00', '2020-10-17 21:30:30', 1),
(199, '101202029168438617', 15, 41, '55', 86, '2364160296308836676639651', '2020-10-17+22:35:40', 'Completed', '2020-10-17 23:31:27', '2020-10-17 23:35:49', 1),
(200, '0', 13, 13, '55', 118, NULL, NULL, 'Pending', '2020-10-17 23:43:38', '2020-10-17 23:43:38', 1),
(201, '101202029131921535', 13, 13, '55', 118, '236416029638335936365537', '2020-10-17+22:44:45', 'Completed', '2020-10-17 23:43:52', '2020-10-17 23:44:52', 1),
(202, '101202029131992468', 13, 13, '55', 119, '2364160296397754547339583', '2020-10-17+22:47:42', 'Completed', '2020-10-17 23:46:16', '2020-10-17 23:47:50', 1),
(203, '101202029133427289', 15, 41, '55', 117, '2364160296683954499949434', '2020-10-17+23:35:50', 'Completed', '2020-10-18 00:33:57', '2020-10-18 00:35:58', 1),
(204, '0', 15, 41, '55', 117, NULL, NULL, 'Pending', '2020-10-18 00:34:01', '2020-10-18 00:34:01', 1),
(205, '101202029133891824', 14, 21, '55', 121, '2364160296777663744534480', '2020-10-17+23:51:03', 'Completed', '2020-10-18 00:49:35', '2020-10-18 00:51:09', 1),
(206, '0', 14, 35, '55', 122, NULL, NULL, 'Pending', '2020-10-18 15:18:31', '2020-10-18 15:18:31', 1),
(207, '0', 14, 35, '55', 123, NULL, NULL, 'Pending', '2020-10-18 15:23:16', '2020-10-18 15:23:16', 1),
(208, '101202029222529678', 13, 13, '55', 125, '2364160304503557339343956', '2020-10-18+21:53:08', 'Failed', '2020-10-18 22:17:13', '2020-10-18 22:53:24', 1),
(209, '0', 13, 10, '55', 108, NULL, NULL, 'Pending', '2020-10-19 10:27:14', '2020-10-19 10:27:14', 1),
(210, '0', 13, 13, '55', 75, NULL, NULL, 'Pending', '2020-10-19 16:58:42', '2020-10-19 16:58:42', 1),
(211, '101202029306264868', 13, 13, '55', 75, '2364160311252196434436647', '2020-10-19+16:03:39', 'Completed', '2020-10-19 17:02:00', '2020-10-19 17:03:46', 1),
(212, '0', 13, 10, '55', 108, NULL, NULL, 'Pending', '2020-10-20 16:13:31', '2020-10-20 16:13:31', 1),
(213, '0', 13, 10, '55', 108, NULL, NULL, 'Pending', '2020-10-20 16:13:57', '2020-10-20 16:13:57', 1),
(214, '0', 13, 10, '55', 108, NULL, NULL, 'Pending', '2020-10-20 16:14:41', '2020-10-20 16:14:41', 1),
(215, '0', 13, 11, '55', 108, NULL, NULL, 'Pending', '2020-10-20 16:17:11', '2020-10-20 16:17:11', 1),
(216, '0', 13, 11, '55', 108, NULL, NULL, 'Pending', '2020-10-20 16:17:33', '2020-10-20 16:17:33', 1),
(217, '0', 13, 11, '55', 108, NULL, NULL, 'Pending', '2020-10-20 16:18:29', '2020-10-20 16:18:29', 1),
(218, '0', 13, 12, '55', 108, NULL, NULL, 'Pending', '2020-10-20 16:20:09', '2020-10-20 16:20:09', 1),
(219, '0', 13, 12, '55', 108, NULL, NULL, 'Pending', '2020-10-20 16:20:59', '2020-10-20 16:20:59', 1),
(220, '101202029599409194', 15, 41, '55', 126, '2364160330117549357743925', '2020-10-21+20:28:21', 'Failed', '2020-10-21 21:26:14', '2020-10-21 21:28:34', 1),
(221, '101202029500724901', 15, 41, '55', 126, '236416033014445993674986', '2020-10-21+20:32:26', 'Completed', '2020-10-21 21:30:43', '2020-10-21 21:32:31', 1),
(222, '101202029821726346', 14, 35, '55', 122, '2364160354344544545794967', '2020-10-24+15:45:50', 'Completed', '2020-10-24 16:44:04', '2020-10-24 16:45:55', 1),
(223, '101202029821822083', 14, 35, '55', 123, '2364160354363849444734343', '2020-10-24+15:48:42', 'Completed', '2020-10-24 16:47:17', '2020-10-24 16:48:46', 1),
(224, '0', 13, 51, '55.25', 73, NULL, NULL, 'Pending', '2020-11-06 11:02:12', '2020-11-06 11:02:12', 1),
(225, '0', 15, 41, '55.25', 83, NULL, NULL, 'Pending', '2020-11-06 11:48:55', '2020-11-06 11:48:55', 1),
(226, '101202031122815468', 15, 41, '55.25', 83, '2364160464562335677535423', '2020-11-06+09:56:20', 'Completed', '2020-11-06 11:53:42', '2020-11-06 11:56:29', 1),
(227, '101202031326569721', 13, 12, '55.25', 97, '2364160485313053463746439', '2020-11-08+19:33:54', 'Completed', '2020-11-08 21:32:09', '2020-11-08 21:34:00', 1),
(228, '101202031373141937', 15, 41, '55.25', 96, '2364160485370849735343562', '2020-11-08+19:43:08', 'Completed', '2020-11-08 21:41:47', '2020-11-08 21:43:14', 1),
(229, '101202031373066992', 15, 41, '55.25', 95, '2364160485385976763553551', '2020-11-08+19:45:28', 'Completed', '2020-11-08 21:44:18', '2020-11-08 21:45:36', 1);

-- --------------------------------------------------------

--
-- Table structure for table `students`
--

CREATE TABLE `students` (
  `id` int(11) NOT NULL,
  `course_id` int(55) NOT NULL DEFAULT '0',
  `name` varchar(200) NOT NULL,
  `email` varchar(55) NOT NULL,
  `password` varchar(200) NOT NULL,
  `mobile` varchar(25) NOT NULL,
  `address` text NOT NULL,
  `gender` enum('Male','Female') NOT NULL,
  `education` varchar(255) NOT NULL,
  `status` enum('Pending','Approved','Disabled') NOT NULL DEFAULT 'Pending',
  `privacy_policy` enum('0','1') NOT NULL DEFAULT '0',
  `created_at` timestamp NOT NULL DEFAULT CURRENT_TIMESTAMP,
  `updated_at` timestamp NOT NULL DEFAULT CURRENT_TIMESTAMP ON UPDATE CURRENT_TIMESTAMP
) ENGINE=MyISAM DEFAULT CHARSET=utf8mb4;

--
-- Dumping data for table `students`
--

INSERT INTO `students` (`id`, `course_id`, `name`, `email`, `password`, `mobile`, `address`, `gender`, `education`, `status`, `privacy_policy`, `created_at`, `updated_at`) VALUES
(113, 0, 'yousef A', 'yousefA@gmail.com', '$2y$10$e8a8UHtAYaAeallLCiD.1.qp268Z1H5PspJntPhRfZ5wT6o898NvO', '95576221', 'alfuntas block 1 almhana center block E', 'Male', 'KG', 'Approved', '1', '2020-10-15 21:49:17', '2020-10-15 22:51:50'),
(103, 0, 'Abdallah hamad alanezy', 'abeer6211@gmail.com', '$2y$10$IrwuXOr9fOEF2N4/V41Axu8OszDdN/0Oudm2g3XJaHjV9UIVyrnH2', '66323555', 'Ardiya block 10 street 5 h 12', 'Male', 'Grade 3', 'Approved', '1', '2020-10-14 16:53:04', '2020-10-14 17:13:20'),
(105, 0, 'Talia alnusif', 'h.alobailani@hotmail.com', '$2y$10$lbD8/8M4b6u.Tf827AyF9OKbNe/gf/b0ulmG27MY3OgMSYoDXvlye', '99222122', 'Faiha  b 1 st14  h 1', 'Female', 'Grade  3', 'Approved', '1', '2020-10-14 17:59:28', '2020-10-14 19:32:56'),
(108, 13, 'test', 'test1@gmail.com', '$2y$10$J8rWSujcyjaRukB8cm/jnuLam0K2tm65CAOsk/xgrxo3cxk.21C0i', '1234567489', 'test', 'Male', 'test', 'Approved', '1', '2020-10-15 11:26:10', '2020-10-20 11:22:39'),
(114, 0, 'Muath bader', 'muathsalem946@gmail.com', '$2y$10$NJ2dbF0g4CmwOXCswzGgfOUzrhsHMfb7CJS4xKlwcaohbaM62sF0O', '99886362', 'Doha', 'Male', 'المتوسطه', 'Approved', '1', '2020-10-16 00:00:47', '2020-10-16 17:35:01'),
(112, 0, 'Yousef', 'Tota.salsa@live.com', '$2y$10$fBWNOvwBBxCBqcCDb3LkGOZ0YQAy8/UgUbOOFKSw7Id1mSZOtAK9a', '95576221', 'Futas block 1 street 1 al mohan complex 174 block E', 'Male', 'KG 1', 'Approved', '1', '2020-10-15 19:29:59', '2020-10-15 20:30:38'),
(110, 0, 'Andulaziz Hamad alenzy', 'Abdulaziz@gmail.com', '$2y$10$jEGUQYbxyPFxmIEaLTC8GeNo2UoPNWg/1y.Hh6FW.pf7Zw1vUVkkW', '66323555', 'ardiya block 10 street 5 house 12', 'Male', 'Grade 1', 'Approved', '1', '2020-10-15 18:04:30', '2020-10-15 18:51:48'),
(111, 0, 'راكان حمد العنزي', 'gbqec410@gmail.com', '$2y$10$jeyt.Xet/oB4w.1svJM1D.r3YScNT5yLMfchsjcb.G9JJZ/gLXnTO', '66323555', 'العارضيه قطعه ١٠ شارع ٥ منزل ١٢', 'Male', 'Kg2', 'Approved', '1', '2020-10-15 18:33:21', '2020-10-15 20:30:35'),
(14, 0, 'Galya Sulayman bin yousef', 'q8ya1988@hotmail.com', '$2y$10$05AutPM9jYVm3K2SvlZpKOUTqXjnW4sy/JHFRNFvngJTnhUvUfL76', '60604343', 'Mishrif block 1 Street 2 house 32', 'Female', 'Grade 3', 'Approved', '1', '2020-10-09 12:17:36', '2020-10-15 22:51:13'),
(109, 0, 'Rakan Hamad al enzy', 'Rakan@gmail.com', '$2y$10$omgirzeyl94mjlNZaq4LUOKHPqLc7/u4Cht.7JrBE6IcdhCyaBWhu', '66323555', 'alardiya block 10 st 5 house 12', 'Male', 'KG', 'Approved', '1', '2020-10-15 18:02:46', '2020-10-15 18:51:36'),
(104, 0, 'Tareq abdullah', 'Missq8_1985@hotmail.com', '$2y$10$yX6GqwzriqAwXZ7a8f6Nl.Pd4Dg9mKulKRe8oF9nmg8bPhsGElpCe', '60787711', 'alshamiya block 8 sukaina bint alhussain street house 13', 'Male', 'Elementary', 'Approved', '1', '2020-10-14 17:12:29', '2020-10-14 17:13:12'),
(17, 0, 'Noor Sulaiman benyousef', 'f.al-kandari@kcb.gov.kw', '$2y$10$j.peHuKkACWiz7s6DnAKW.eVP4lCpFOp30N0xgXkLJs1GO946Pk.C', '60604343', 'Mishrif block 1 street 2 house 32', 'Female', 'Grade one', 'Approved', '1', '2020-10-11 17:26:14', '2020-10-12 23:24:45'),
(19, 0, 'Bader alqattan', 'a_buzobar@hotmail.com', '$2y$10$7bWfvJ7Ww44xmNW8VLJGiOJ1iIcerjT8i0jWJfovD3FBpu8K7hN26', '97766563', 'Mishref', 'Male', 'KG', 'Approved', '1', '2020-10-12 19:17:31', '2020-10-19 11:26:25'),
(20, 0, 'Sabih', 'aabulhasan@gmail.com', '$2y$10$XPr6CB2tTlYiFJkito84EeVClZlbFFPJUJ2Bs3VUn1Si1FHwcuiXa', '96600990', 'Qadsiya', 'Male', 'Student', 'Approved', '1', '2020-10-12 19:48:51', '2020-10-13 11:37:34'),
(21, 0, 'Sulaiman Abdulla Abulhasan', 'sullyabulhasan@gmail.com', '$2y$10$.6q8nEmX.S1U09zTEUsq9.G5YTmh5nVwRD6JtOIGDQsR4Hnd9v42.', '96600990', 'Qadsiya', 'Male', 'KG 2', 'Approved', '1', '2020-10-12 20:06:42', '2020-10-13 11:37:42'),
(22, 0, 'Ghala Alfailakawi', 'dranwar09@gmail.com', '$2y$10$TTqpn8CwV99Cm9478pxlmO5fO4jgCPB68o8qFU4PQGn4De1806Z1i', '65666952', 'Alshuhada block 4 street 414 house 10', 'Female', 'Grade 7', 'Approved', '1', '2020-10-12 20:09:53', '2020-10-12 20:13:44'),
(23, 0, 'Aleksei', 'pochetnyvv@mail.ru', '$2y$10$4C/UfcjokGj.RvrtOLu7QOcH8DWP8mr8m.ddZBfpc8kFhoAt39g2G', '97525643', 'Al-tayeeb tower, Salmiya', 'Male', '3rd grade AUS', 'Approved', '1', '2020-10-12 20:11:26', '2020-10-12 20:24:59'),
(24, 0, 'Noura alosaimi', 'abdullah.alosaimi9@gmail.com', '$2y$10$8yIvdj6hMnRwahFn78r9ouloO7MsERO5AijYAjgEfixlKce8o9H4K', '97486662', 'Qurtoba block 4 first street 12 avenue house number 14', 'Female', '1 grade', 'Approved', '1', '2020-10-12 20:19:27', '2020-10-12 23:20:36'),
(25, 0, 'Olesia', 'tan87@mail.ru', '$2y$10$ZrY8PkPIGV/lbeoC..ScM.CC.inwDSYjPyN7VB9dccbQlrRi1FWXy', '99406911', 'Al-tayeeb tower, Salmiya', 'Female', 'Kg AUS', 'Approved', '1', '2020-10-12 20:24:46', '2020-10-12 23:19:10'),
(26, 0, 'Mona', 'aishaalbulousy@gmail.com', '$2y$10$2aPrXlMr7wv13bYJ1bVIjeiGitFlgrmRiNkJTT2/ssAxjrIz6Yq.m', '50598882', 'Kairouan', 'Male', 'Kg', 'Approved', '1', '2020-10-12 20:27:28', '2020-10-13 11:38:13'),
(27, 0, 'Shouq Mohammad AlAnsari', 'shouqi@mail.com', '$2y$10$36YXSgX.qu26C8dUl0ou3uVRRY4WHp0UDprtwrjdBmuFzOcB.3cx.', '99980904', 'Nahda block 1 street 107 house 11', 'Female', 'Grade 6', 'Approved', '1', '2020-10-12 20:31:34', '2020-10-12 23:20:24'),
(28, 0, 'Joury Hussain Albeloushi', 'bedooralmutawa@hotmail.com', '$2y$10$0FZuA28Pwt1nedkFKPGDLeLhVIWQFtHLknp/pX07ErU8G4oxj2a.u', '50266255', 'Jabriya, Block7, Street 7, Hous7', 'Female', 'Primary', 'Approved', '1', '2020-10-12 20:32:05', '2020-10-12 23:20:01'),
(29, 0, 'Layan faisal', 'Almaayeefs@gmail.com', '$2y$10$cw3zC9suhrFoO9jBYWpTleofjpopmmbdtE4XJSRDysOhg4Vy/CrWG', '96663294', 'Alsalaam blook 3 st 307 house 12', 'Female', 'Kindergarten', 'Approved', '1', '2020-10-12 20:34:09', '2020-10-12 23:24:31'),
(30, 0, 'Alhawraa Mohammad Habib', 'k.husainjohar@gmail.com', '$2y$10$YVEd9DzVFs8mLOzAK2AgzOtwoNTONaXmS5DW/0xAdkFmk/IRxYKpe', '99969325', 'Aldaiya b:3 a:39 house b2', 'Female', 'Grade 3', 'Approved', '1', '2020-10-12 20:37:47', '2020-10-14 00:43:20'),
(31, 0, 'Amir Elsamra', 'amirelsamra@gmail.com', '$2y$10$D1dF7TJMryjsC8s2Jcsmi.XXjSPyYnO7cjktbOMfrb3vbVwTl2SJa', '97828879', 'Salwa, block 10, st. 1, building 44, apt. B6', 'Male', 'ASK', 'Approved', '1', '2020-10-12 21:01:47', '2020-10-13 11:38:29'),
(32, 13, 'Amir El samra', 'aabosetta@hotmail.com', '$2y$10$G/6eKIAEBKVHqmE2JB/XLe8QtR3bosbE8lo4Bku.XZvxY7k6/NPH2\r\n', '97828879', 'Salwa, block 10, st. 1, building 44, ground floor, apt. B6', 'Male', 'ASK KG2', 'Approved', '1', '2020-10-12 21:07:45', '2020-10-21 05:43:04'),
(33, 0, 'Mariam', 'nadawy73@hotmail.com', '$2y$10$qj1TQ5xpsIfMKEHZFOWeBuHwvQTyd8Txk9OHVhihmmRwQUrGcB3dy', '99993836', 'SalwA block 3 street 1 house 45', 'Female', 'Student', 'Approved', '1', '2020-10-12 22:16:48', '2020-10-12 23:21:01'),
(34, 0, 'Firas alqazweeni', 'danaramadan429@gmail.com', '$2y$10$ALeOtlnxMngHsP4qh8XBi.w2qvT0yXB/igs6OxhkD/TFoz2QhMW6C', '68880262', 'Salwa', 'Male', 'Y3', 'Approved', '1', '2020-10-12 22:20:10', '2020-10-13 11:40:10'),
(35, 0, 'Laila alhabib', 'lilo.alhabib@gmail.com', '$2y$10$Tja4QBr50pz4WjlwfJB2kuAfFXIw7Qmns9uHSi8jArGXeQniyTkJK', '97886767', 'Jabriya', 'Female', 'Middle school', 'Approved', '1', '2020-10-12 22:24:31', '2020-10-13 11:40:13'),
(36, 0, 'kadi bo-qrais', 'kadisaleh2013@gmail.com', '$2y$10$HxFPFs.BaOl4lM0ck3UH/eCGWazv1eT5EPZ8KG4SFEEVMuZxHppra', '66670203', 'aladan - block2 - street 81 - house 5', 'Female', 'grade 3', 'Approved', '1', '2020-10-12 22:51:59', '2020-10-13 17:24:45'),
(37, 0, 'ghala bo-qrais', 'ghalasaleh2015@gmail.com', '$2y$10$lCpsBe7bWDpRnsQ0HVEH0e7p22621PcqEGfyto2R2JvujayQ9aeh.', '66670203', 'aladan - block 2 - street 81 - house 5', 'Female', 'KG2', 'Approved', '1', '2020-10-12 22:57:46', '2020-10-13 11:40:19'),
(38, 0, 'Bader Fahed AlabdulRazzaq', 'kodak51@hotmail.com', '$2y$10$S6Ot5NA8uuaPFFSuMYZ47.WubzeThRtGPVljFK6y/4WtjINngqvES', '99001177', 'Shaab Block 3 St. 30 House 134 D', 'Male', 'Grade 3', 'Approved', '1', '2020-10-12 23:38:42', '2020-10-13 11:40:26'),
(39, 0, 'Sarah Abdullah Albaqshi', 'nicois99@gmail.com', '$2y$10$Obpsnld794AZhV5GT.9f7.I9lqruA28PU4Y1bQZ6qhJHi0TYcGUqm', '65511333', 'Dasman', 'Female', 'Primary school', 'Approved', '1', '2020-10-12 23:41:24', '2020-10-13 11:40:31'),
(40, 0, 'Shamlan Mohamed Alyousif', 'Shamlan4428@gmail.com', '$2y$10$2T0tfcsBavO./ZTFxgvhH.neZRwepDCgC7/uIsKbMuqu4XrI9Ts3W', '90060161', 'Dasma/block5/alrasheed street/house7/Floor2', 'Male', 'Year7 ges', 'Approved', '1', '2020-10-12 23:53:50', '2020-10-13 11:40:40'),
(41, 0, 'لولوه شملان المجيبل', 'mashaelsoc91@gmail.com', '$2y$10$AcrkF1.u2QH9D1YBiT/koeXT0hmlOGmE82N5Rxt35f316NMKTRgbC', '60984982', 'القصور ق٧ ش٩ م٢٠', 'Female', 'مرحلة الابتدائية', 'Approved', '1', '2020-10-13 10:24:48', '2020-10-13 11:40:45'),
(42, 0, 'Ibrahim nawaf aldousari', 'ibrahim@gmail.com', '$2y$10$oa1Iyxap6W1VmvS7L7uLleA8KUyx./fyanyJdpFP0jKCP9sNW4s6q', '99787848', 'Doha block 3 street 4 avenue 1 house 14', 'Male', 'Grade 1', 'Approved', '1', '2020-10-13 10:46:49', '2020-10-15 19:55:46'),
(43, 0, 'Khaled', 'kj.17.2012@gmail.com', '$2y$10$P6HPx1ttkBiTEPA8bWfH3eXb24.1V07g4yFd3RXP3NO0BO3RKzTIi', '99014150', 'Qadisiya', 'Male', 'Y3', 'Approved', '1', '2020-10-13 10:47:57', '2020-10-13 11:40:54'),
(44, 0, 'Sara Abdulaziz Alhammadi', 'Sara_Alhammadii@hotmail.com', '$2y$10$HhVoq/Q/YHOfixStNd2cNuva5l5xYDS5QFeJ0ChFioGnUPpdelU/i', '97683768', 'Doha block 3 street 1 home 7', 'Female', 'Grade 7', 'Approved', '1', '2020-10-13 10:49:51', '2020-10-13 11:41:00'),
(45, 0, 'Deemah Nawaf ALdousry', 'deemah@gmail.com', '$2y$10$Od3WPXnjFw61KwR8u7m87.zI8XTp3L2vRXhZ0TmBY.qkRKqDTcQ/m', '99787848', 'Doha block 3 street 4 avenue 1 house 14', 'Female', 'Grade 4', 'Approved', '1', '2020-10-13 10:49:57', '2020-10-15 19:46:29'),
(46, 0, 'Manal Abdulaziz Alhmmadi', 'Manal_Alhammadii@hotmail.com', '$2y$10$TglBzDtUSl7eicpeFZo.SORRQw0wT/tRqophhlJIvaQtOUeFqKSym', '97683768', 'Doha block 3 street 1 home 7', 'Male', 'Grade 6', 'Approved', '1', '2020-10-13 10:57:31', '2020-10-13 11:41:07'),
(47, 0, 'Fajer Abdulaziz Alhammdi', 'Fajer_Alhammadii@hotmail.com', '$2y$10$uMyPLjlMfzfhh08mr1KJeuL7mUDzusQ2B4mH7SxewAjah1ZOwCZOW', '97683768', 'Doha block 3 street 1 home 7', 'Female', 'Grade 3', 'Approved', '1', '2020-10-13 10:59:48', '2020-10-13 11:41:09'),
(48, 0, 'Saud Abdulaziz Alhammadi', 'saud_alhammadii@hotmail.com', '$2y$10$97oUF8i6dt7UwKivYJmG7O8vnlWSy11ieb69.ZVHp2rb5J1NbM9oS', '97683768', 'Doha block 3 street 1 home 7', 'Male', 'Grade 2', 'Approved', '1', '2020-10-13 11:02:33', '2020-10-13 11:41:11'),
(49, 0, 'Wasmeyah', 'wasm.r2025@gmail.com', '$2y$10$LTuH0L39kwT8YsM8XnU/TO3ShjoWafbf2y97bNO8p4xsRkWrDVdYe', '99014150', 'Qadisiya', 'Female', 'Y1', 'Approved', '1', '2020-10-13 11:24:30', '2020-10-13 11:41:15'),
(50, 0, 'Ali Bahbehani', 'amaniabulhasan2012@gmail.com', '$2y$10$VHyFz5c9t05VrIDW0ACRiefrOJcrSOghzxFUpQddR1tR4ZM4svcDa', '66771212', 'Daiya block 2 street 30 house 2', 'Male', 'KG2', 'Approved', '1', '2020-10-13 11:27:24', '2020-10-13 11:41:17'),
(51, 0, 'Yousef Saud  Almutairi', 'alsanadm4@gmail.com', '$2y$10$K9hGAP49zXrmlKtPvHsS0eMrofZX3dnOBLa3lEIOkBEqoiZrqJ49W', '55099983', 'Sabah alnaseer b:5 s:38 h:33', 'Male', 'Kg 2', 'Approved', '1', '2020-10-13 11:33:39', '2020-10-13 11:55:33'),
(52, 0, 'wasmeyah', 'wasm.r2015@gmail.com', '$2y$10$gVSrMWVqY70ijc8csqmAIelrpe/TRV4l/iq9g2NrupOHQAQzm5mn.', '99014150', 'Qadisiya', 'Female', 'Y1', 'Approved', '1', '2020-10-13 11:37:36', '2020-10-13 12:52:47'),
(53, 0, 'Tareq abdullah alfaleh', 'Tareq.a.t.h.2014@gmail.com', '$2y$10$B2HzZ9wUHJLIYm.jMbmRlOVQuwwk7M9e51GbECay8EMlGPfw4PP/q', '60787711', 'Alshamiya block 8 sukaina bint alhussain street house no 13', 'Male', 'Elementary', 'Approved', '1', '2020-10-13 11:39:44', '2020-10-14 00:43:38'),
(54, 0, 'Abdullah', 'bocha_al@hotmail.com', '$2y$10$r01l16L0O1NKIbJCp9faW.eSRWc7YLJxGd2RMNqeDIptQjIsmk4VO', '66450199', 'Zahra block 5 street 514 house 22', 'Male', 'Kindergarten', 'Approved', '1', '2020-10-13 11:48:17', '2020-10-14 00:43:42'),
(55, 0, 'yousef alqaderyi', 'yousef@gmail.com', '$2y$10$AbVLCOLzaaSQ3hRerCXKt.XBwS/LUFmHIlPsKOxzC7.FCs.GGVSAy', '66332939', 'faiha blok9 stret92 home11', 'Male', 'grad 1', 'Approved', '1', '2020-10-13 11:49:15', '2020-10-14 00:43:47'),
(56, 0, 'Mohamed ahmed alabdullah', 'mohamed@gmail.com', '$2y$10$MF63u/f5I7svsBjPQ8dV7.7TZeBqRlxKDUhnqlY/fMtmVpmCC6ty.', '97975184', 'Hetten block 2 street 217 house 587', 'Male', 'Grade 1', 'Approved', '1', '2020-10-13 11:52:14', '2020-10-14 00:44:01'),
(57, 0, 'Adam', 'adam.rehayel29@gmail.com', '$2y$10$h7F3JfwTDanxIiAjdEkZOetvLd0E18on.6ajGKJQ0xcU9O7Py1Qge', '60005548', 'Salmiya block 3 yousif al qinai street', 'Male', 'Grade 1', 'Approved', '1', '2020-10-13 12:14:04', '2020-10-13 22:43:52'),
(58, 0, 'Yahya', 'yahyaalberry@gmail.com', '$2y$10$ZqLmdiE/9cz5AUeBbKAwdeTmli7HabYbTONh1ikm1TpTSo93LuRAu', '99581569', 'Sabah Al Salem-block1-st 127-4 angles complex', 'Male', 'KG2-ASK', 'Approved', '1', '2020-10-13 12:20:40', '2020-10-14 00:44:09'),
(59, 0, 'Zain', 'zainlafi@hotmail.com', '$2y$10$wfAENDav6YNJ.xxfIu1pjuLkT/4cNLPoQ90qM/bROktLalhRHFlPu', '99985157', 'الفردوس', 'Female', 'روضه', 'Approved', '1', '2020-10-13 12:40:04', '2020-10-13 12:53:10'),
(60, 0, 'الهنوف', 'hanooflafi@hotmail.com', '$2y$10$Wl47kuaJwv/d.O.I2hg2N.kcOjfuAptkRZnIL0qRaxZ0Eg52Gv76K', '99985157', 'الفردوس', 'Female', 'ابتدائي', 'Approved', '1', '2020-10-13 12:41:17', '2020-10-13 12:52:55'),
(61, 0, 'لافي', 'w4o7@hotmail.com', '$2y$10$n0TaspFbsHGkDbVTVfk2FO4xU8iU3I9kQmtx2lL4yJ5dakxJ2UDla', '99985157', 'الفردوس', 'Male', 'ابتدائي', 'Approved', '1', '2020-10-13 12:42:13', '2020-10-13 12:52:59'),
(62, 0, 'عبدالله فيصل القروي', 'Tortoola50@gmail.com', '$2y$10$idIaMhf19KaFSdpVZ2xqzOD5GchD5orYn5wTpYcJrNYYz.Sn/g5WW', '65751003', 'ابو فطيره ق١ ش١١٢ م٣٧٥', 'Male', 'المرحلة الابتدائية', 'Approved', '1', '2020-10-13 12:42:42', '2020-10-13 12:53:07'),
(63, 0, 'عبدالله فيصل القروي', 'tortoola50@gmail.con', '$2y$10$OHwjMSI1Ic5zcmL6ibt62u6xlXxpnWVkPx6QhPQjitqKSFpUYii1.', '65751003', 'ابو فطيرة ق١ ش١١٢ م٣٧٥', 'Male', 'رياض الاطفال', 'Approved', '1', '2020-10-13 13:01:25', '2020-10-13 15:39:40'),
(64, 0, 'غانم حيدر نادر الحداد', 'ghanim14.alhaddad@gmail.com', '$2y$10$0FypgxZujQGZlMdA/NbEvuhW9ZDNhw/qAhqkBFtk.uSWFZcLwIw6.', '99208077', 'العارضية \r\nقطعه ٣\r\nشارع ٤  منزل ٢١', 'Male', 'ابتدائي', 'Approved', '1', '2020-10-13 13:15:38', '2020-10-13 14:01:23'),
(65, 0, 'عبدالوهاب محمد حسين', 'fouzaaa78@gmail.com', '$2y$10$..nuornAy.3dwOqOso2jZutaN0fMaBHG5JzSPBEwsm5wKlu6art0.', '55426425', 'بيان ق ١١ الشارع الاول جاده ٣ منزل ٥', 'Female', 'الابتدائي', 'Approved', '1', '2020-10-13 13:17:37', '2020-10-13 13:39:00'),
(66, 0, 'Abdullah soud aloasaimi', 'AbudAbud214@gmail.com', '$2y$10$388kFta/ryU9c4cF/z.A5.Ct6efSPcFLp5wusX4i71lZ4AesK.tCW', '97222214', 'Qurtoba block 2 street 5 house 4', 'Male', 'Grade 1', 'Approved', '1', '2020-10-13 13:30:57', '2020-10-13 13:43:53'),
(67, 0, 'Rayan Yousif', 'y.asadi@hotmail.com', '$2y$10$C4NOCjrGk5XeIHH.EX6FIuGmhZ0VwfW9.RgDQwCtDnxZgoRVWdKPG', '99993987', 'Dasma', 'Female', 'Primary stage', 'Approved', '1', '2020-10-13 13:34:05', '2020-10-13 13:39:06'),
(68, 0, 'Rayan yousif', 'staring.rayan@gmail.com', '$2y$10$12YjpN5vKBdkE.OkOTbBaOxU.uCioJMSUs/IyvEjn/LGODBUQSqEC', '99993987', 'Dasma', 'Female', 'Primary', 'Approved', '1', '2020-10-13 13:36:42', '2020-10-13 13:39:10'),
(69, 0, 'Zahra yousif', 'zrulls.12@gmail.com', '$2y$10$FTz1IahzdmpPogfTRQA1ru5esVdLgPINJ6Bp5uFekNoDrLmajgGzi', '99993987', 'Dasma', 'Female', 'Primary', 'Approved', '1', '2020-10-13 13:37:30', '2020-10-13 13:39:14'),
(70, 0, 'Muath bader', 'baderkw79@hotmail.com', '$2y$10$oX1GwYIZpwGFTh4Jyuur9e6PdeqaBEAuN4ZLKOGwJFXm/CLT.V7pS', '98847762', 'Doha', 'Male', 'Student', 'Approved', '1', '2020-10-13 13:56:18', '2020-10-13 14:19:32'),
(71, 0, 'Ghaliya', 'ghaliyasalem@gmail.com', '$2y$10$CB19Z9uxBFN76w2jZzVNaeD8iCfvTWab3uw7ZBeOx4ckDaNBigyVS', '94116632', 'Doha', 'Female', 'Student', 'Approved', '1', '2020-10-13 14:03:33', '2020-10-13 14:19:30'),
(72, 0, 'Aseel Alhathran', 'bedoor.a.alshaiji@hotmail.com', '$2y$10$A9zS5/bT5zSZcmIxaXQ8feXipPjZ6tPygpDBOfmda0RQo6S1470ua', '51404040', 'shuhada\r\nBlock1\r\nStreet 109\r\nHouse 14', 'Female', '9 grade', 'Approved', '1', '2020-10-13 14:28:15', '2020-10-13 14:34:57'),
(73, 0, 'Abdullah', 'hkaadan@gmail.com', '$2y$10$brN/C1Jg15fAK3diWEvQYuqT3HFZPUCP3i1B6jCjn4E1i3TLb5QPi', '55994099', 'Maidan Hawalli block 11', 'Male', '4', 'Approved', '1', '2020-10-13 15:05:26', '2020-10-13 21:15:15'),
(74, 0, 'Rashid Fares Alramadan', 'bo_raakaan@hotmail.com', '$2y$10$ybZxHRlgOZc6ExUqFJ3n/.TxAlGZZBOHUoswbIw6YooiNzT3Q/p6u', '98008008', 'South Surra ( Zahraa ) , Block 3 , Street Sayyed Yasin Al Gharabali , House 9', 'Male', 'Second grade of primary school', 'Approved', '1', '2020-10-13 15:08:14', '2020-10-14 00:44:15'),
(75, 0, 'Hasan emad', 'hme32015@gmail.com', '$2y$10$WKKQDoFu41SMBfdEtbk3FOI4FQZJhXhF4TsvrE4Spm4xNun9kJdB.', '66554777', 'Shaab', 'Male', 'Year1', 'Approved', '1', '2020-10-13 15:33:27', '2020-10-14 00:44:18'),
(76, 0, 'فهد مشعل المطيري', 'meshal_nahar@hotmail.com', '$2y$10$7wOPu4M7X5Er87u4AfkQGOWHkil1VWggXbnzcTuroZIojEoK12rd.', '99153006', 'عبدالله المبارك ق3 ش325 م20', 'Male', 'الروضة', 'Approved', '1', '2020-10-13 16:02:44', '2020-10-13 16:48:39'),
(77, 0, 'Elia mohamad', 'sareh.mohet@gmail.com', '$2y$10$reRexPjqhNCfWxiROyLrGeBjBWgwuSc3dIY7SLA00zx.Pzye9N.ra', '51774412', 'Benidalgar block 1 st90', 'Male', 'Great 1', 'Approved', '1', '2020-10-13 17:29:52', '2020-10-14 00:44:22'),
(78, 0, 'Abdulrahman', 'abdulrahman@gamil.com', '$2y$10$/yXhylUCPk4coJxyaZgVheJrFWZvHCBv4459VObuUoPV87Efx8mr.', '96001019', 'Adan block 2 street 8 home 6', 'Male', '11', 'Approved', '1', '2020-10-13 17:49:24', '2020-10-13 21:15:06'),
(79, 0, 'luluwa ali malek', 'lulu.malek@icloud.com', '$2y$10$gpIGVPrt9iTXKKkHdwIv0eS55SrHL4MelDTiX58Kx5Q/W242zVcx6', '94922999', 'shbah alsalem black 8 street 1 avenui 9 house 1', 'Female', 'graed 1', 'Approved', '1', '2020-10-13 17:53:59', '2020-10-14 00:44:51'),
(80, 0, 'Emad Abdulrahman', 'haneen.a.abdullah@gmail.com', '$2y$10$zVitnqzo1keC9Ewx987Y2u7UXzLERz/aOL9bZhVW9FhgAMUQLArs.', '96008778', 'Qurtoba block2 street5 house43A', 'Male', 'KG', 'Approved', '1', '2020-10-13 18:01:48', '2020-10-14 00:44:27'),
(81, 0, 'Mona', 'monmon.aee@gmail.com', '$2y$10$CrOK8KET/o79xaA2OdzQKOFZ5lQEHFZ6r3v/8kClsm/A00gahkiiq', '96008778', 'Qurtoba block2 street5 house43A', 'Female', 'G1', 'Approved', '1', '2020-10-13 18:08:37', '2020-10-14 00:44:29'),
(82, 0, 'Mona Alessa', 't.nannu.87@gmail.com', '$2y$10$0LU1zAEbmpHP6v2YQ80g7u3Kb5OkRNKdLgBUwAahz1tIV4UDDtmH2', '96008778', 'Qortuba block2 street5 house43A', 'Female', 'G1', 'Approved', '1', '2020-10-13 18:16:38', '2020-10-14 00:44:32'),
(83, 0, 'Mubarak Abdullah ', 'mas2009mas@outlook.com', '$2y$10$.ozQg0HXK7Er9V0TUqBz3eR41lyNZoboCRnSQl9vMudwy8SqvocFy', '94424419', 'Dasma block 6 street 64 house 8', 'Male', 'Student', 'Approved', '1', '2020-10-13 20:03:57', '2020-11-05 15:51:50'),
(84, 0, 'Fahad Abdullah', 'fahadalharbi127@hotmail.com', '$2y$10$SPLBe6uo92vPJQfnS2myMuvX.B3wV66ZLCnX1b6LxB.sWj77D/2du', '97523323', 'House 33\r\nBlock 3\r\n3rd St\r\nQaser', 'Male', '3rd Gr', 'Approved', '1', '2020-10-13 20:32:34', '2020-10-13 21:14:10'),
(85, 0, 'Albandary Alharbi', 'albandary248@hotmail.com', '$2y$10$Bl0lzqBssUvG0P/JKP9Fe.7e6./a7HorqW7kFbT8Zb60bWWoxRVZG', '97523323', 'House 33\r\nBlock 3\r\n3rd St\r\nQaser', 'Female', 'Gr 1', 'Approved', '1', '2020-10-13 20:42:53', '2020-10-13 21:14:13'),
(86, 0, 'Soud Al Harbi', 'gm@ugc-kw.com', '$2y$10$YAasl0LRNq4LXCFEccifrOuOWjoOynV/w4wDLUtJ3VKNFBSWeQX0K', '99609009', 'Salwa bloc.4 st3 house 148', 'Male', 'Grade 5', 'Approved', '1', '2020-10-13 20:47:32', '2020-10-13 21:14:18'),
(107, 0, 'Jassem Hussein', 'kajol_1976@hotmail.com', '$2y$10$OW2WUcxRLIS6lpB/4QXVcuJl8HOZcspSXK9Lj4WY/Z8xqllOOnojW', '55559597', 'Dasmah b1 st 14 h 12', 'Male', '6 standard', 'Approved', '1', '2020-10-14 21:24:34', '2020-10-14 23:34:16'),
(88, 0, 'Humoud Al Mutairi', 'humoud1912@gmail.com', '$2y$10$8FZQ7ea72On.HHf.34foZe58otHvnRq3VVK1CUd70/CHrxWn2pvSu', '50559656', 'Ishbeleya \r\nB 4\r\nS 443\r\nH 58', 'Male', 'Elementary', 'Approved', '1', '2020-10-13 22:02:46', '2020-10-13 22:39:44'),
(89, 0, 'Omar Malallah', 'bashayeralmansour@gmail.com', '$2y$10$xsocSCTEmoSQMAXZpZ8H1eqJwvr6PMMyVTe8dQLnGZqM9DM.XQAJi', '96677989', 'Surra block 6 street 8 house 16', 'Male', '1st grade', 'Approved', '1', '2020-10-13 22:06:48', '2020-10-13 22:39:53'),
(90, 0, 'Melissa Chettouh', 'Melissa.chettouh@eleve.lfkoweit.edu.kw', '$2y$10$odPruL/OFL3tGDnAobUk6ex4Qb/L9CEjB5y1FRGXawbdj5KymbPqq', '65635598', 'Al tayaab tower salmiya', 'Female', 'Grade5', 'Approved', '1', '2020-10-13 22:15:20', '2020-10-13 22:39:57'),
(91, 0, 'Samy Chettouh', 'samy.chettouh@eleve.lfkoweit.edu.kw', '$2y$10$6cNnuXzgJywjH0Bw7TOUeeInzt//OTtRUkB9DwkUEXv/qQb2Xtewq', '65635598', 'Al Tayyab tower salmiya', 'Male', 'Grade 3', 'Approved', '1', '2020-10-13 22:24:26', '2020-10-13 22:40:02'),
(92, 0, 'Maryam', 'myemail_kw@yahoo.com', '$2y$10$nmIFn6Sq8HFOrQzVN7IxC.7XOvMlOmTtELixtBrSucTp1ksUioMIu', '99621227', 'Sabah Alsalem', 'Female', 'Elementary', 'Approved', '1', '2020-10-13 22:27:18', '2020-10-13 22:40:06'),
(93, 0, 'Nazim Chettouh', 'nazim.chettouh@eleve.lfkoweit.edu.kw', '$2y$10$8wni1qEiKnl.C5eNqKGJ4OCFjsBmgDKsDl13z60Er9nOIsjUBLeZ.', '65635598', 'Al tayaab tower salmiya', 'Male', 'Kindergarden', 'Approved', '1', '2020-10-13 22:28:44', '2020-10-13 22:40:09'),
(94, 0, 'Fatma', 'fofo.koalabear@gmail.com', '$2y$10$.GEQFhPHQQXknujmwcTD7OiYC4.k8kiVqBdUnBC7ZgyD5yvmwa7tW', '66218492', 'Sabah Alsalem', 'Female', 'High school', 'Approved', '1', '2020-10-13 22:36:20', '2020-10-13 22:41:31'),
(95, 0, 'سعود احمد ناصر المطيري', 'rot1@windowslive.com', '$2y$10$AIN/1gXDKrPxPWfzyNAnSeNQyz/y6w9wzyB9NsyOAy2JM3Nn044N2', '553566665', 'صباح الناصر قطعة 2 شارع 7 منزل 23', 'Female', 'عاشر', 'Approved', '1', '2020-10-13 23:31:50', '2020-10-13 23:46:04'),
(96, 0, 'عبدالله احمد ناصر المطيري', 'allailie80@gmail.com', '$2y$10$fclIXzE45fBD8uC5Jwi08O7hy282jf/LMPh69pKgUZJQPgNSc63RC', '50796669', 'صباح الناصر قطعة 2 شارع 7 منزل 23', 'Female', 'الخامس ابتدائي', 'Approved', '1', '2020-10-13 23:34:45', '2020-10-13 23:45:01'),
(97, 0, 'ناصر احمد ناصر المطيري', 'n0orq8@hotmail.com', '$2y$10$qmJwsF2LiOZSO4dImhNlleY3rHcWYHtp4SjJHWTqeLvyI0bVF4iGK', '50952333', 'صباح الناصر قطعة 2 شارع 7 منزل 23', 'Female', 'ثاث ابتدائي', 'Approved', '1', '2020-10-13 23:36:28', '2020-10-13 23:44:01'),
(98, 0, 'Abdelaziz Imad Yousef', 'Emad_kha@hotmail.com', '$2y$10$iEjO5U9L4rubOEsG.RYh2.j0HrhcCquJlD8RKI9vB7DtSP4wQvEs6', '96590969765', 'Jabriya blck 10 strt 6 building 220', 'Male', 'Grade 3', 'Approved', '1', '2020-10-14 00:33:06', '2020-10-14 00:44:45'),
(99, 0, 'Zaid Imad Yousef', 'arch.domar@gmail.com', '$2y$10$Qv6RtE.snjjNT7kKeruwAOYaffz8fVSfN7R2TslT/sGXG.BT9d7I6', '99473955', 'Jabriya blck 10 strt 6 building 220', 'Male', 'Grade 1', 'Approved', '1', '2020-10-14 00:40:39', '2020-10-14 00:42:17'),
(100, 0, 'awrad alkandei', 'awradq31@gmail.com', '$2y$10$tuJBMFbUTmd5VumCw6j3fOxRYj0sGHNev24bvgYBDSP5rAsMpJN/G', '97674411', 'Rumaithia', 'Female', 'student', 'Disabled', '1', '2020-10-14 01:28:25', '2020-10-28 16:32:41'),
(101, 0, 'ali fahad ali', 'ali6fayez@gmail.com', '$2y$10$NpJayunfN.vQmT4NVNT4Zu4.m7m8aiudM/y65ag3Lm0.7DCS2ufPi', '55225524', 'jabar al ali block 2 st 25 home 3', 'Male', 'gared 1', 'Approved', '1', '2020-10-14 02:37:52', '2020-10-14 10:11:20'),
(102, 0, 'ali adel ali', 'Ali8fayez@gmail.com', '$2y$10$L2d1XJ742WuR0nmdCBN0Y.NVpOFaZcKfnyQahxVcE9SGZFq2pHec.', '55225524', 'jabar al ali block 2 st 25 home 3', 'Male', 'graed 1', 'Approved', '1', '2020-10-14 02:52:42', '2020-10-14 10:11:23'),
(115, 0, 'Mohammad', 'jassim.alhussaini.771@gmail.com', '$2y$10$njdrKS.Ty.PaSHGPNAjzR.122g5QOKRpHvRZFAPozuJg68Y70Ukei', '55559597', 'Dasmah b1 st 14 h 12', 'Male', '4 standard', 'Approved', '1', '2020-10-16 15:32:54', '2020-10-16 17:35:07'),
(116, 0, 'Oun', 'ahmad.a.ot@gmail.com', '$2y$10$XoA4/GE7fnpRV.QQOjnGAe2aqcEOngA4Vwjaw2ajPVQXMTJ3gWNa2', '55811833', 'Salmya block 11 street 3 jada 10 , building 98 floor 7 flat 702', 'Male', 'School - year 1', 'Approved', '1', '2020-10-16 19:43:30', '2020-10-17 11:43:35'),
(117, 0, 'Ahmad Albarjas', 'ali.h.albarjas@gmail.com', '$2y$10$TnCJuVsYCMBZsT5BTb1FnOsjRtqS3oD8bINpAcmY0i8sLXIp/Lloq', '50999600', 'Kaifan', 'Male', 'Middle school', 'Approved', '1', '2020-10-17 00:56:27', '2020-10-17 11:43:33'),
(118, 0, 'رشيد حمد الخميس', 'hamad_alkhamees@hotmail.com', '$2y$10$s112CRCoBiOV5MdtM5AhP.Kco9UlqSZB4t9na9jS2H36PTlmek6Du', '68886444', 'اليرموك ق٣ ش٢ ج٢ م١٦', 'Male', 'اولي ابتدائي', 'Approved', '1', '2020-10-17 12:08:14', '2020-10-19 14:50:33'),
(119, 0, 'مريم حمد الخميس', 'hamad.alkhamees80@gmail.com', '$2y$10$V.vIol5RxorywY8OCQfNru/FwZYsvdYBb9NyWugwhYtEM5cPL0.Hu', '68886444', 'اليرموك ق٣ ش٢ ج٢ م١٦', 'Female', 'ثالث ابتدائي', 'Approved', '1', '2020-10-17 12:09:44', '2020-10-17 16:31:43'),
(120, 0, 'YOUSEF', 'kac767@gmail.com', '$2y$10$sa1ZZE/c4NxLV0wGH5zbg.3luvm4EPsi9sHIueaEzxdCYf6anqewm', '66266632', 'mishref block 2 street 7 house 26', 'Male', '2nd Grade', 'Approved', '1', '2020-10-17 20:06:53', '2020-10-17 20:50:06'),
(121, 0, 'Ghaliya bader', 'badersalem79@icloud.com', '$2y$10$VbCkVyniZYpIGs1.HshFS.I9UQ80vrZbUCsIyZe92ff7Fzt3w4UIm', '94116632', 'Doha', 'Female', 'متوسطه', 'Approved', '1', '2020-10-18 00:47:05', '2020-10-18 18:11:12'),
(122, 0, 'Essa Aldaihan', 'baidaa.alhubail@gmail.com', '$2y$10$t/DfxCPRkjHMN5youUT.au0htrquN5m/jkcw.8vyXTv7N6DnAk/lG', '97466299', 'Subah Alsaleam area , b#9, st#3,avn#17,H#52', 'Male', 'first grade', 'Approved', '1', '2020-10-18 15:12:29', '2020-10-19 14:50:52'),
(123, 0, 'Mohammad Aldaihan', 'ab.aldaihan@gmail.com', '$2y$10$5vM.Wu00mhgP3F36C3SNk.g41qrd/r4s6fPHYDAYc7Fyc2cbvrdri', '50803388', 'subah Alsaleam area bl#9,St#3,Avnu#17,Hou#52', 'Male', '3 grade', 'Approved', '1', '2020-10-18 15:22:26', '2020-10-19 14:50:50'),
(124, 0, 'صالح مهدي قمي', 'kuw12121212@icloud.com', '$2y$10$4w2CMW.agjoa/O8unH0obubA0SEsDBst8GBqwZnF4de6fDdqbAo/u', '66829909', 'سالميه قطعه 10نهايت شارع عمان شارع الاول عماره 797دور الاول شقه 3', 'Female', 'صف 1', 'Approved', '1', '2020-10-18 20:38:56', '2020-10-19 10:20:01'),
(125, 0, 'Saleh mahde ghomi', 'golnaz.fatma@gmail.com', '$2y$10$5aAhVZUnfXMFHp232tKVi.0j4hZhzPc9aKXcwjh7ZZ0k9zzE58ojW', '66829909', 'Salmiya, Block 10, Amman Street, First Street, Building 797, First Floor, Flat 3', 'Male', 'Grade 1', 'Approved', '1', '2020-10-18 20:52:44', '2020-10-19 10:23:56'),
(126, 0, 'Osama Alhammadi', 'al3mdh39@outlook.com', '$2y$10$Dqeo5SofBHXI/4gZo0bVJO7X2XR8Mf3GU2JmuP6Oq8mPW9Va0NozG', '99998108', 'Jaber Al-alahmad', 'Male', 'Student', 'Approved', '1', '2020-10-21 10:51:02', '2020-10-28 16:32:49'),
(127, 0, 'Afrah al awadhi', 'afrah@gmail.com', '$2y$10$Wiqb1Q0jfcekEXkvuzOwXudzfeyEvCa1gAVZ.CPen6UH6qrVc6lua', '95580777', 'Yarmouk block 1 st 1 house 62', 'Female', 'Grade 1', 'Pending', '1', '2020-11-08 20:33:11', '2020-11-08 20:33:11'),
(128, 0, 'eliya', 'eliyakh20@gmail.com', '$2y$10$gY/KcrE4Z1DRjDGznYN2KuLxLJh6Z3RAyb24wdne3yy1LIkxFtoCq', '51774412', 'بنيدالقار.ش٩٠.ق١.عمارة٢٠٣.دور٩.', 'Male', 'تكواندو', 'Pending', '1', '2020-11-09 02:45:16', '2020-11-09 02:45:16');

-- --------------------------------------------------------

--
-- Table structure for table `testimonial`
--

CREATE TABLE `testimonial` (
  `id` int(11) NOT NULL,
  `description` text NOT NULL,
  `name` varchar(255) NOT NULL,
  `designation` varchar(255) NOT NULL,
  `created_at` timestamp NOT NULL DEFAULT CURRENT_TIMESTAMP,
  `updated_at` timestamp NOT NULL DEFAULT CURRENT_TIMESTAMP
) ENGINE=MyISAM DEFAULT CHARSET=utf8mb4;

--
-- Dumping data for table `testimonial`
--

INSERT INTO `testimonial` (`id`, `description`, `name`, `designation`, `created_at`, `updated_at`) VALUES
(5, '                                                                                                                                                                        \r\n\r\nالحمدالله وايد مستمتعين ويروحون التدريب ومتشوقين ينطرون شنو الجديد الي بيتعلمونه ومتحمسين للقتال الي بيصير مع أصدقائهم وجو المرح الي يصبر وقت التدريب \r\nاستفادوا تعلموا يواجهون خصمهم ويحاولون يتفاضون معاه قبل مايستخدمون العنف واذا استخدموه يكون بأضيق الحدود لانه صار عندهم ثقة بنفسهم وبقوتهم على مواجهة الخصم هالشي خلى الرهبة تروح منهم الحمدالله\r\n                                                    \r\n                                                    \r\n                                                    ', 'ام فهد  العبد الهادي', 'ولي امر فهد - حمد العبدالهادي', '2020-06-12 06:01:01', '2020-06-12 06:24:35'),
(6, 'شخصية حسين اصبحت قوية و يعتمد على نفسه و اصبح يدافع عن نفسه دون خوف و الحمد الله \r\nو التدريب ممتاز الكوش حريصه على تدريبهم بافضل صوره و بناء شخصيتهم و حثهم على الالتزام بالوقت و التزام النظام و المعهد نظيف و منظم', 'يونس حاجي الحسين', 'ولي امر حسين الحسين', '2020-06-12 07:36:10', '2020-06-12 07:36:10'),
(7, 'تقدم ممتاز لشخصيته لبنيته ايضا تعلم احترام الوقت ومخالطه الأطفال من غير تردد فكل الشكر للكابتن أفراح العوضي وبالنسبه للمكان السابق رائع والحالي أروع وقواكم الله', 'الدكتور خالد العوضي', 'ولي امر شاهين خالد العوضي', '2020-06-12 07:41:47', '2020-06-12 07:41:47'),
(8, 'حبيت اشكرچ على التدريبات وعلى اهتماچ باطفالنا  ولدي جدا مستانس وفخور بوجوده معاكم \r\nيعطيچ الف عافيه', 'ام منصور نزر', 'ولي امر المشترك منصور', '2020-06-12 08:29:22', '2020-06-12 08:29:22');

-- --------------------------------------------------------

--
-- Table structure for table `video`
--

CREATE TABLE `video` (
  `id` int(11) NOT NULL,
  `link` varchar(500) NOT NULL,
  `created_at` timestamp NOT NULL DEFAULT CURRENT_TIMESTAMP ON UPDATE CURRENT_TIMESTAMP,
  `updated_at` timestamp NOT NULL DEFAULT '0000-00-00 00:00:00' ON UPDATE CURRENT_TIMESTAMP
) ENGINE=MyISAM DEFAULT CHARSET=utf8mb4;

--
-- Dumping data for table `video`
--

INSERT INTO `video` (`id`, `link`, `created_at`, `updated_at`) VALUES
(7, 'https://youtu.be/gw8vGwumIW4', '2020-06-12 06:57:58', '2020-06-12 06:57:58');

--
-- Indexes for dumped tables
--

--
-- Indexes for table `admins`
--
ALTER TABLE `admins`
  ADD PRIMARY KEY (`id`);

--
-- Indexes for table `attendence`
--
ALTER TABLE `attendence`
  ADD PRIMARY KEY (`id`);

--
-- Indexes for table `banners`
--
ALTER TABLE `banners`
  ADD PRIMARY KEY (`id`);

--
-- Indexes for table `batch`
--
ALTER TABLE `batch`
  ADD PRIMARY KEY (`id`);

--
-- Indexes for table `class`
--
ALTER TABLE `class`
  ADD PRIMARY KEY (`id`);

--
-- Indexes for table `class_type`
--
ALTER TABLE `class_type`
  ADD PRIMARY KEY (`id`);

--
-- Indexes for table `contact`
--
ALTER TABLE `contact`
  ADD PRIMARY KEY (`id`);

--
-- Indexes for table `course`
--
ALTER TABLE `course`
  ADD PRIMARY KEY (`id`);

--
-- Indexes for table `expenses`
--
ALTER TABLE `expenses`
  ADD PRIMARY KEY (`id`);

--
-- Indexes for table `gallery`
--
ALTER TABLE `gallery`
  ADD PRIMARY KEY (`id`);

--
-- Indexes for table `payment`
--
ALTER TABLE `payment`
  ADD PRIMARY KEY (`id`);

--
-- Indexes for table `students`
--
ALTER TABLE `students`
  ADD PRIMARY KEY (`id`);

--
-- Indexes for table `testimonial`
--
ALTER TABLE `testimonial`
  ADD PRIMARY KEY (`id`);

--
-- Indexes for table `video`
--
ALTER TABLE `video`
  ADD PRIMARY KEY (`id`);

--
-- AUTO_INCREMENT for dumped tables
--

--
-- AUTO_INCREMENT for table `admins`
--
ALTER TABLE `admins`
  MODIFY `id` int(10) UNSIGNED NOT NULL AUTO_INCREMENT, AUTO_INCREMENT=3;

--
-- AUTO_INCREMENT for table `attendence`
--
ALTER TABLE `attendence`
  MODIFY `id` int(11) NOT NULL AUTO_INCREMENT, AUTO_INCREMENT=10;

--
-- AUTO_INCREMENT for table `banners`
--
ALTER TABLE `banners`
  MODIFY `id` int(11) NOT NULL AUTO_INCREMENT, AUTO_INCREMENT=17;

--
-- AUTO_INCREMENT for table `batch`
--
ALTER TABLE `batch`
  MODIFY `id` int(11) NOT NULL AUTO_INCREMENT, AUTO_INCREMENT=64;

--
-- AUTO_INCREMENT for table `class`
--
ALTER TABLE `class`
  MODIFY `id` int(11) NOT NULL AUTO_INCREMENT;

--
-- AUTO_INCREMENT for table `class_type`
--
ALTER TABLE `class_type`
  MODIFY `id` int(11) NOT NULL AUTO_INCREMENT, AUTO_INCREMENT=4;

--
-- AUTO_INCREMENT for table `contact`
--
ALTER TABLE `contact`
  MODIFY `id` int(55) NOT NULL AUTO_INCREMENT, AUTO_INCREMENT=10;

--
-- AUTO_INCREMENT for table `course`
--
ALTER TABLE `course`
  MODIFY `id` int(11) NOT NULL AUTO_INCREMENT, AUTO_INCREMENT=25;

--
-- AUTO_INCREMENT for table `expenses`
--
ALTER TABLE `expenses`
  MODIFY `id` int(11) NOT NULL AUTO_INCREMENT, AUTO_INCREMENT=4;

--
-- AUTO_INCREMENT for table `gallery`
--
ALTER TABLE `gallery`
  MODIFY `id` int(11) NOT NULL AUTO_INCREMENT, AUTO_INCREMENT=39;

--
-- AUTO_INCREMENT for table `payment`
--
ALTER TABLE `payment`
  MODIFY `id` int(11) NOT NULL AUTO_INCREMENT, AUTO_INCREMENT=230;

--
-- AUTO_INCREMENT for table `students`
--
ALTER TABLE `students`
  MODIFY `id` int(11) NOT NULL AUTO_INCREMENT, AUTO_INCREMENT=129;

--
-- AUTO_INCREMENT for table `testimonial`
--
ALTER TABLE `testimonial`
  MODIFY `id` int(11) NOT NULL AUTO_INCREMENT, AUTO_INCREMENT=9;

--
-- AUTO_INCREMENT for table `video`
--
ALTER TABLE `video`
  MODIFY `id` int(11) NOT NULL AUTO_INCREMENT, AUTO_INCREMENT=8;
COMMIT;

/*!40101 SET CHARACTER_SET_CLIENT=@OLD_CHARACTER_SET_CLIENT */;
/*!40101 SET CHARACTER_SET_RESULTS=@OLD_CHARACTER_SET_RESULTS */;
/*!40101 SET COLLATION_CONNECTION=@OLD_COLLATION_CONNECTION */;
